cruise,date,transect,station,location,Moc,Net,Haul,Length_mm,Notes
mezcalW18,20180217,NH,5,MaD,1,3,104-1-3,2.53,
mezcalW18,20180217,NH,1,MaD,1,0,106-1-0,NA,damaged
mezcalW18,20180217,NH,1,MaD,1,0,106-1-0*,NA,damaged
mezcalW18,20180217,NH,1,MaD,1,0,106-1-0*,NA,damaged
mezcalW18,20180217,NH,1,MaD,1,0,106-4-0,10.09,
mezcalW18,20180217,NH,1,MaD,4,3,106-4-3,9.87,
mezcalW18,20180217,NH,1,MaD,4,3,106-4-3,14.43,"Body disintegrated, low structural integrity"
mezcalW18,20180217,NH,1,MaD,4,3,106-4-3,13.73,"Body disintegrated, low structural integrity"
mezcalW18,20180217,NH,1,MaD,4,3,106-4-3,11.28,
mezcalW18,20180217,NH,1,MaD,4,3,106-4-3,16.5,"Body disintegrated, low structural integrity"
mezcalW18,20180217,NH,1,MaD,4,3,106-4-3,12,
mezcalW18,20180217,NH,1,MaD,4,3,106-4-3,16.85,
mezcalW18,20180217,NH,1,MaD,4,3,106-4-3,NA,damaged
mezcalW18,20180223,NH,3,MbD,1,0,115-1-0*,2.8,
mezcalW18,20180223,NH,2,MbD,1,4,116-1-4*,11.7,
mezcalW18,20180223,NH,2,MbD,1,3,116-1-3,13.12,
mezcalW18,20180223,NH,2,MbD,1,4,116-1-4,9.45,
mezcalW18,20180223,NH,2,MbD,4,0,116-4-0,9.79,
mezcalW18,20180223,NH,2,MbD,4,0,116-4-0,8.83,
mezcalW18,20180223,NH,2,MbD,4,0,116-4-0,8.88,
mezcalW18,20180223,NH,2,MbD,4,0,116-4-0,11.99,
mezcalW18,20180223,NH,2,MbD,4,0,116-4-0,13.34,
mezcalW18,20180223,NH,2,MbD,4,0,116-4-0,16.24,
mezcalW18,20180223,NH,2,MbD,4,4,116-4-4,7.58,
mezcalW18,20180223,NH,2,MbD,4,4,116-4-4,7.68,
mezcalW18,20180223,NH,2,MbD,4,4,116-4-4,8.73,
mezcalW18,20180223,NH,2,MbD,4,4,116-4-4,6.26,
mezcalW18,20180223,NH,2,MbD,4,4,116-4-4,NA,damaged
mezcalW18,20180223,NH,2,MbD,4,4,116-4-4,10.62,
mezcalW18,20180223,NH,2,MbD,4,4,116-4-4,NA,damaged
mezcalW18,20180223,NH,2,MbD,4,4,116-4-4,10.42,
mezcalW18,20180223,NH,1,MbD,1,0,117-1-0,7.49,
mezcalW18,20180223,NH,1,MbD,1,0,117-1-0,7.08,
mezcalW18,20180223,NH,1,MbD,1,0,117-1-0,8,
mezcalW18,20180223,NH,1,MbD,1,0,117-1-0,5.37,
mezcalW18,20180223,NH,1,MbD,1,0,117-1-0,7.53,
mezcalW18,20180223,NH,1,MbD,1,0,117-1-0,8.43,
mezcalW18,20180223,NH,1,MbD,1,0,117-1-0,NA,damaged
mezcalW18,20180223,NH,1,MbD,1,0,117-1-0,10.03,
mezcalW18,20180223,NH,1,MbD,1,0,117-1-0,8.53,
mezcalW18,20180223,NH,1,MbD,1,0,117-1-0,7.94,
mezcalW18,20180223,NH,1,MbD,1,0,117-1-0,8.12,
mezcalW18,20180223,NH,1,MbD,1,0,117-1-0,6.91,
mezcalW18,20180223,NH,1,MbD,1,0,117-1-0,7.65,
mezcalW18,20180223,NH,1,MbD,1,0,117-1-0,7.1,
mezcalW18,20180223,NH,1,MbD,1,0,117-1-0,9.46,
mezcalW18,20180223,NH,1,MbD,1,0,117-1-0,8.83,
mezcalW18,20180223,NH,1,MbD,1,0,117-1-0,7.07,
mezcalW18,20180223,NH,1,MbD,1,0,117-1-0,6.97,
mezcalW18,20180223,NH,1,MbD,1,0,117-1-0,5.97,
mezcalW18,20180223,NH,1,MbD,1,0,117-1-0,8.17,
mezcalW18,20180223,NH,1,MbD,1,0,117-1-0,7.88,
mezcalW18,20180223,NH,1,MbD,1,0,117-1-0,8.2,
mezcalW18,20180223,NH,1,MbD,1,0,117-1-0,8.06,
mezcalW18,20180223,NH,1,MbD,1,0,117-1-0,7.52,
mezcalW18,20180223,NH,1,MbD,1,0,117-1-0,5.25,
mezcalW18,20180223,NH,1,MbD,1,0,117-1-0,6.38,
mezcalW18,20180223,NH,1,MbD,1,0,117-1-0,6.5,
mezcalW18,20180223,NH,1,MbD,1,0,117-1-0,6.84,
mezcalW18,20180223,NH,1,MbD,1,0,117-1-0,5.36,
mezcalW18,20180223,NH,1,MbD,1,0,117-1-0,7.61,
mezcalW18,20180223,NH,1,MbD,1,0,117-1-0,6.47,
mezcalW18,20180223,NH,1,MbD,1,0,117-1-0,6.16,
mezcalW18,20180223,NH,1,MbD,1,0,117-1-0,7.05,
mezcalW18,20180223,NH,1,MbD,1,0,117-1-0,7.3,
mezcalW18,20180223,NH,1,MbD,1,0,117-1-0,6.35,
mezcalW18,20180223,NH,1,MbD,1,0,117-1-0,6.28,
mezcalW18,20180223,NH,1,MbD,1,0,117-1-0,6.55,
mezcalW18,20180223,NH,1,MbD,1,0,117-1-0,5.44,
mezcalW18,20180223,NH,1,MbD,1,0,117-1-0,6.93,
mezcalW18,20180223,NH,1,MbD,1,0,117-1-0,6.69,
mezcalW18,20180223,NH,1,MbD,1,0,117-1-0,7.77,
mezcalW18,20180223,NH,1,MbD,1,0,117-1-0,5.48,
mezcalW18,20180223,NH,1,MbD,1,0,117-1-0,7.09,
mezcalW18,20180223,NH,1,MbD,1,0,117-1-0,5.71,
mezcalW18,20180223,NH,1,MbD,1,0,117-1-0,4.88,
mezcalW18,20180223,NH,1,MbD,1,0,117-1-0,5.84,
mezcalW18,20180223,NH,1,MbD,1,0,117-1-0,7.03,Body segmented
mezcalW18,20180223,NH,1,MbD,1,0,117-1-0,6.21,
mezcalW18,20180223,NH,1,MbD,1,0,117-1-0,5.79,
mezcalW18,20180223,NH,1,MbD,1,0,117-1-0,4.58,
mezcalW18,20180223,NH,1,MbD,1,0,117-1-0,5.62,
mezcalW18,20180223,NH,1,MbD,1,0,117-1-0,4.21,
mezcalW18,20180223,NH,1,MbD,1,0,117-1-0,4.73,
mezcalW18,20180223,NH,1,MbD,1,0,117-1-0,5.42,
mezcalW18,20180223,NH,1,MbD,1,0,117-1-0,3.82,
mezcalW18,20180223,NH,1,MbD,1,0,117-1-0,5.26,
mezcalW18,20180223,NH,1,MbD,1,0,117-1-0,7.15,
mezcalW18,20180223,NH,1,MbD,1,0,117-1-0,4.64,
mezcalW18,20180223,NH,1,MbD,1,0,117-1-0,4.33,
mezcalW18,20180223,NH,1,MbD,1,0,117-1-0,5.64,
mezcalW18,20180223,NH,1,MbD,1,0,117-1-0,3.48,
mezcalW18,20180223,NH,1,MbD,1,0,117-1-0,3.52,
mezcalW18,20180223,NH,1,MbD,1,0,117-1-0,4,
mezcalW18,20180223,NH,1,MbD,1,0,117-1-0,3.18,
mezcalW18,20180223,NH,1,MbD,1,0,117-1-0,5.48,
mezcalW18,20180223,NH,1,MbD,1,0,117-1-0,4.3,
mezcalW18,20180223,NH,1,MbD,1,0,117-1-0,4.2,
mezcalW18,20180223,NH,1,MbD,1,0,117-1-0,5.04,
mezcalW18,20180223,NH,1,MbD,1,0,117-1-0,4.73,
mezcalW18,20180223,NH,1,MbD,1,0,117-1-0,4.98,
mezcalW18,20180223,NH,1,MbD,1,0,117-1-0,4.57,
mezcalW18,20180223,NH,1,MbD,1,0,117-1-0,4.78,
mezcalW18,20180223,NH,1,MbD,1,0,117-1-0,3.96,
mezcalW18,20180223,NH,1,MbD,1,0,117-1-0,3.76,
mezcalW18,20180223,NH,1,MbD,1,0,117-1-0,4.65,
mezcalW18,20180223,NH,1,MbD,1,0,117-1-0,4.24,
mezcalW18,20180223,NH,1,MbD,1,0,117-1-0,4,
mezcalW18,20180223,NH,1,MbD,1,0,117-1-0,4.68,
mezcalW18,20180223,NH,1,MbD,1,0,117-1-0,5.57,
mezcalW18,20180223,NH,1,MbD,1,0,117-1-0,5.31,
mezcalW18,20180223,NH,1,MbD,1,0,117-1-0,4.19,
mezcalW18,20180223,NH,1,MbD,1,0,117-1-0,5.5,
mezcalW18,20180223,NH,1,MbD,1,0,117-1-0,3.36,
mezcalW18,20180223,NH,1,MbD,1,0,117-1-0,4.22,
mezcalW18,20180223,NH,1,MbD,1,0,117-1-0,4.01,
mezcalW18,20180223,NH,1,MbD,1,0,117-1-0,4.34,
mezcalW18,20180223,NH,1,MbD,1,0,117-1-0,4.23,
mezcalW18,20180223,NH,1,MbD,1,0,117-1-0,3.96,
mezcalW18,20180223,NH,1,MbD,1,0,117-1-0,5.32,
mezcalW18,20180223,NH,1,MbD,1,0,117-1-0,4.39,Body segmented 
mezcalW18,20180223,NH,1,MbD,1,0,117-1-0,5.45,
mezcalW18,20180223,NH,1,MbD,1,0,117-1-0,3.58,
mezcalW18,20180223,NH,1,MbD,1,0,117-1-0,4.46,
mezcalW18,20180223,NH,1,MbD,1,0,117-1-0,4.22,
mezcalW18,20180223,NH,1,MbD,1,0,117-1-0,3.91,
mezcalW18,20180223,NH,1,MbD,1,0,117-1-0,3.6,
mezcalW18,20180223,NH,1,MbD,1,0,117-1-0,3.83,
mezcalW18,20180223,NH,1,MbD,1,0,117-1-0,4.09,
mezcalW18,20180223,NH,1,MbD,1,0,117-1-0,3.75,
mezcalW18,20180223,NH,1,MbD,1,0,117-1-0,2.86,
mezcalW18,20180223,NH,1,MbD,1,0,117-1-0,3.13,
mezcalW18,20180223,NH,1,MbD,1,0,117-1-0,3.98,
mezcalW18,20180223,NH,1,MbD,1,0,117-1-0,2.43,
mezcalW18,20180223,NH,1,MbD,1,0,117-1-0,2.91,
mezcalW18,20180223,NH,1,MbD,1,0,117-1-0,4.8,
mezcalW18,20180223,NH,1,MbD,1,0,117-1-0,2.25,
mezcalW18,20180223,NH,1,MbD,1,0,117-1-0,3.81,
mezcalW18,20180223,NH,1,MbD,1,0,117-1-0,5.27,
mezcalW18,20180223,NH,1,MbD,1,0,117-1-0,3.65,
mezcalW18,20180223,NH,1,MbD,1,0,117-1-0,3.65,
mezcalW18,20180223,NH,1,MbD,1,0,117-1-0,3.16,
mezcalW18,20180223,NH,1,MbD,1,0,117-1-0,4.22,
mezcalW18,20180223,NH,1,MbD,1,0,117-1-0,4.63,
mezcalW18,20180223,NH,1,MbD,1,0,117-1-0,3.44,
mezcalW18,20180223,NH,1,MbD,1,0,117-1-0,4.71,
mezcalW18,20180223,NH,1,MbD,1,0,117-1-0,3.46,
mezcalW18,20180223,NH,1,MbD,1,0,117-1-0,4.44,
mezcalW18,20180223,NH,1,MbD,1,0,117-1-0,4.12,
mezcalW18,20180223,NH,1,MbD,1,0,117-1-0,3.56,
mezcalW18,20180223,NH,1,MbD,1,0,117-1-0,NA,damaged
mezcalW18,20180223,NH,1,MbD,1,0,117-1-0,3.37,
mezcalW18,20180223,NH,1,MbD,1,0,117-1-0,3.43,
mezcalW18,20180223,NH,1,MbD,1,0,117-1-0,4.31,
mezcalW18,20180223,NH,1,MbD,1,0,117-1-0,3.03,
mezcalW18,20180223,NH,1,MbD,1,0,117-1-0,3.91,
mezcalW18,20180223,NH,1,MbD,1,0,117-1-0,3.09,
mezcalW18,20180223,NH,1,MbD,1,0,117-1-0,3.86,
mezcalW18,20180223,NH,1,MbD,1,0,117-1-0,2.4,
mezcalW18,20180223,NH,1,MbD,1,0,117-1-0,3.78,
mezcalW18,20180223,NH,1,MbD,1,0,117-1-0,4.22,
mezcalW18,20180223,NH,1,MbD,1,0,117-1-0,2.85,
mezcalW18,20180223,NH,1,MbD,1,0,117-1-0,2.3,
mezcalW18,20180223,NH,1,MbD,1,0,117-1-0,3.16,
mezcalW18,20180223,NH,1,MbD,1,0,117-1-0,2.76,
mezcalW18,20180223,NH,1,MbD,1,0,117-1-0,NA,damaged
mezcalW18,20180223,NH,1,MbD,1,0,117-1-0,3.39,
mezcalW18,20180223,NH,1,MbD,1,0,117-1-0,2.76,
mezcalW18,20180223,NH,1,MbD,1,0,117-1-0,3.29,
mezcalW18,20180223,NH,1,MbD,1,0,117-1-0,4.3,
mezcalW18,20180223,NH,1,MbD,1,0,117-1-0,3.2,
mezcalW18,20180223,NH,1,MbD,1,0,117-1-0,3.97,
mezcalW18,20180223,NH,1,MbD,1,0,117-1-0,4.7,
mezcalW18,20180223,NH,1,MbD,1,0,117-1-0,3.55,
mezcalW18,20180223,NH,1,MbD,1,0,117-1-0,3.5,
mezcalW18,20180223,NH,1,MbD,1,0,117-1-0,3.26,
mezcalW18,20180223,NH,1,MbD,1,0,117-1-0,3.12,
mezcalW18,20180223,NH,1,MbD,1,0,117-1-0,3.67,
mezcalW18,20180223,NH,1,MbD,1,0,117-1-0,2.93,
mezcalW18,20180223,NH,1,MbD,1,0,117-1-0,2.67,
mezcalW18,20180223,NH,1,MbD,1,0,117-1-0,3.96,
mezcalW18,20180223,NH,1,MbD,1,0,117-1-0,2.6,
mezcalW18,20180223,NH,1,MbD,1,0,117-1-0,3.57,
mezcalW18,20180223,NH,1,MbD,1,0,117-1-0,3.36,
mezcalW18,20180223,NH,1,MbD,1,0,117-1-0,3.16,
mezcalW18,20180223,NH,1,MbD,1,0,117-1-0,2.99,
mezcalW18,20180223,NH,1,MbD,1,0,117-1-0,2.56,
mezcalW18,20180223,NH,1,MbD,1,0,117-1-0,3.28,
mezcalW18,20180223,NH,1,MbD,1,0,117-1-0,2.72,
mezcalW18,20180223,NH,1,MbD,1,0,117-1-0,1.64,
mezcalW18,20180223,NH,1,MbD,1,0,117-1-0,NA,damaged
mezcalW18,20180223,NH,1,MbD,1,0,117-1-0,2.42,
mezcalW18,20180223,NH,1,MbD,1,0,117-1-0,3.39,
mezcalW18,20180223,NH,1,MbD,1,0,117-1-0,2.19,
mezcalW18,20180223,NH,1,MbD,1,0,117-1-0,2.22,
mezcalW18,20180223,NH,1,MbD,1,0,117-1-0,3.02,
mezcalW18,20180223,NH,1,MbD,1,0,117-1-0,3.17,
mezcalW18,20180223,NH,1,MbD,1,0,117-1-0,3.57,
mezcalW18,20180223,NH,1,MbD,1,0,117-1-0,3.34,
mezcalW18,20180223,NH,1,MbD,1,0,117-1-0,2.64,
mezcalW18,20180223,NH,1,MbD,1,0,117-1-0*,4.32,
mezcalW18,20180223,NH,1,MbD,1,0,117-1-0*,5.29,
mezcalW18,20180223,NH,1,MbD,1,0,117-1-0*,5.36,
mezcalW18,20180223,NH,1,MbD,1,0,117-1-0*,5.51,
mezcalW18,20180223,NH,1,MbD,1,0,117-1-0*,4.67,
mezcalW18,20180223,NH,1,MbD,1,0,117-1-0*,4.51,
mezcalW18,20180223,NH,1,MbD,1,0,117-1-0*,5.3,
mezcalW18,20180223,NH,1,MbD,1,0,117-1-0*,5.95,Midsection damaged
mezcalW18,20180223,NH,1,MbD,1,0,117-1-0*,5.63,
mezcalW18,20180223,NH,1,MbD,1,0,117-1-0*,5.06,
mezcalW18,20180223,NH,1,MbD,1,0,117-1-0*,4.69,
mezcalW18,20180223,NH,1,MbD,1,0,117-1-0*,5.61,
mezcalW18,20180223,NH,1,MbD,1,0,117-1-0*,7.76,
mezcalW18,20180223,NH,1,MbD,1,0,117-1-0*,6.45,
mezcalW18,20180223,NH,1,MbD,1,0,117-1-0*,4.08,
mezcalW18,20180223,NH,1,MbD,1,0,117-1-0*,4.35,
mezcalW18,20180223,NH,1,MbD,1,0,117-1-0*,5.52,
mezcalW18,20180223,NH,1,MbD,1,0,117-1-0*,4.56,
mezcalW18,20180223,NH,1,MbD,1,0,117-1-0*,4.2,
mezcalW18,20180223,NH,1,MbD,1,0,117-1-0*,4.9,
mezcalW18,20180223,NH,1,MbD,1,0,117-1-0*,4.76,
mezcalW18,20180223,NH,1,MbD,1,0,117-1-0*,4.84,
mezcalW18,20180223,NH,1,MbD,1,0,117-1-0*,4.06,
mezcalW18,20180223,NH,1,MbD,1,0,117-1-0*,3.26,
mezcalW18,20180223,NH,1,MbD,1,0,117-1-0*,3.61,
mezcalW18,20180223,NH,1,MbD,1,0,117-1-0*,3.33,
mezcalW18,20180223,NH,1,MbD,1,0,117-1-0*,4,
mezcalW18,20180223,NH,1,MbD,1,0,117-1-0*,3.63,
mezcalW18,20180223,NH,1,MbD,1,0,117-1-0*,4.77,Tail section segmented
mezcalW18,20180223,NH,1,MbD,1,0,117-1-0*,5.85,
mezcalW18,20180223,NH,1,MbD,1,0,117-1-0*,4.25,
mezcalW18,20180223,NH,1,MbD,1,0,117-1-0*,4.94,Tail section segmented
mezcalW18,20180223,NH,1,MbD,1,0,117-1-0*,6.85,
mezcalW18,20180223,NH,1,MbD,1,0,117-1-0*,3.35,
mezcalW18,20180223,NH,1,MbD,1,0,117-1-0*,4.1,
mezcalW18,20180223,NH,1,MbD,1,0,117-1-0*,4.32,
mezcalW18,20180223,NH,1,MbD,1,0,117-1-0*,NA,damaged
mezcalW18,20180223,NH,1,MbD,1,0,117-1-0*,3.97,
mezcalW18,20180223,NH,1,MbD,1,0,117-1-0*,4.77,
mezcalW18,20180223,NH,1,MbD,1,0,117-1-0*,3.81,
mezcalW18,20180223,NH,1,MbD,1,0,117-1-0*,3.1,
mezcalW18,20180223,NH,1,MbD,1,0,117-1-0*,3.85,
mezcalW18,20180223,NH,1,MbD,1,0,117-1-0*,4.17,
mezcalW18,20180223,NH,1,MbD,1,0,117-1-0*,4.74,
mezcalW18,20180223,NH,1,MbD,1,0,117-1-0*,4.33,
mezcalW18,20180223,NH,1,MbD,1,0,117-1-0*,3.75,
mezcalW18,20180223,NH,1,MbD,1,0,117-1-0*,4.24,
mezcalW18,20180223,NH,1,MbD,1,0,117-1-0*,3.55,
mezcalW18,20180223,NH,1,MbD,1,0,117-1-0*,3.44,
mezcalW18,20180223,NH,1,MbD,1,0,117-1-0*,4.85,
mezcalW18,20180223,NH,1,MbD,1,0,117-1-0*,4.62,
mezcalW18,20180223,NH,1,MbD,1,0,117-1-0*,3.96,
mezcalW18,20180223,NH,1,MbD,1,0,117-1-0*,3.03,
mezcalW18,20180223,NH,1,MbD,1,0,117-1-0*,3.84,
mezcalW18,20180223,NH,1,MbD,1,0,117-1-0*,3.78,
mezcalW18,20180223,NH,1,MbD,1,0,117-1-0*,3.03,
mezcalW18,20180223,NH,1,MbD,1,0,117-1-0*,3.72,
mezcalW18,20180223,NH,1,MbD,1,0,117-1-0*,3.82,
mezcalW18,20180223,NH,1,MbD,1,0,117-1-0*,3.49,
mezcalW18,20180223,NH,1,MbD,1,0,117-1-0*,3.21,
mezcalW18,20180223,NH,1,MbD,1,0,117-1-0*,4.06,
mezcalW18,20180223,NH,1,MbD,1,0,117-1-0*,3.37,
mezcalW18,20180223,NH,1,MbD,1,0,117-1-0*,5.04,
mezcalW18,20180223,NH,1,MbD,1,0,117-1-0*,4.05,
mezcalW18,20180223,NH,1,MbD,1,0,117-1-0*,2.32,
mezcalW18,20180223,NH,1,MbD,1,0,117-1-0*,NA,damaged
mezcalW18,20180223,NH,1,MbD,1,0,117-1-0*,3.58,
mezcalW18,20180223,NH,1,MbD,1,0,117-1-0*,3.55,
mezcalW18,20180223,NH,1,MbD,1,0,117-1-0*,5.45,
mezcalW18,20180223,NH,1,MbD,1,0,117-1-0*,3.14,
mezcalW18,20180223,NH,1,MbD,1,0,117-1-0*,NA,damaged
mezcalW18,20180223,NH,1,MbD,1,0,117-1-0*,2.92,
mezcalW18,20180223,NH,1,MbD,1,0,117-1-0*,2.06,
mezcalW18,20180223,NH,1,MbD,1,0,117-1-0*,3.26,
mezcalW18,20180223,NH,1,MbD,1,0,117-1-0*,3.13,
mezcalW18,20180223,NH,1,MbD,1,0,117-1-0*,NA,damaged
mezcalW18,20180223,NH,1,MbD,1,0,117-1-0*,3.7,
mezcalW18,20180223,NH,1,MbD,1,0,117-1-0*,3.22,
mezcalW18,20180223,NH,1,MbD,1,0,117-1-0*,2.72,
mezcalW18,20180223,NH,1,MbD,1,0,117-1-0*,2.85,
mezcalW18,20180223,NH,1,MbD,1,0,117-1-0*,3.31,
mezcalW18,20180223,NH,1,MbD,1,0,117-1-0*,3.22,
mezcalW18,20180223,NH,1,MbD,1,0,117-1-0*,2.37,
mezcalW18,20180223,NH,1,MbD,1,0,117-1-0*,3.29,
mezcalW18,20180223,NH,1,MbD,1,0,117-1-0*,NA,damaged
mezcalW18,20180223,NH,1,MbD,1,0,117-1-0*,3.55,
mezcalW18,20180223,NH,1,MbD,1,0,117-1-0*,3.73,
mezcalW18,20180223,NH,1,MbD,1,0,117-1-0*,3.51,
mezcalW18,20180223,NH,1,MbD,1,0,117-1-0*,4.4,
mezcalW18,20180223,NH,1,MbD,1,0,117-1-0*,3.2,
mezcalW18,20180223,NH,1,MbD,1,0,117-1-0*,2.83,
mezcalW18,20180223,NH,1,MbD,1,3,117-1-3,6.34,
mezcalW18,20180223,NH,1,MbD,1,3,117-1-3,3.98,
mezcalW18,20180223,NH,1,MbD,1,3,117-1-3,3.3,
mezcalW18,20180223,NH,1,MbD,1,3,117-1-3,2.55,
mezcalW18,20180223,NH,1,MbD,1,3,117-1-3,2.06,
mezcalW18,20180223,NH,1,MbD,1,3,117-1-3,3.97,
mezcalW18,20180223,NH,1,MbD,1,4,117-1-4*,8.04,
mezcalW18,20180223,NH,1,MbD,1,4,117-1-4*,4.94,
mezcalW18,20180223,NH,1,MbD,1,4,117-1-4*,8.44,
mezcalW18,20180223,NH,1,MbD,1,4,117-1-4*,5.65,
mezcalW18,20180223,NH,1,MbD,1,4,117-1-4*,4.49,
mezcalW18,20180223,NH,1,MbD,1,4,117-1-4*,3.67,
mezcalW18,20180223,NH,1,MbD,1,4,117-1-4*,3.88,
mezcalW18,20180223,NH,1,MbD,1,4,117-1-4*,3.84,
mezcalW18,20180223,NH,1,MbD,1,4,117-1-4*,3.79,Head segmented
mezcalW18,20180223,NH,1,MbD,1,4,117-1-4*,3.5,
mezcalW18,20180223,NH,1,MbD,1,4,117-1-4*,2.96,
mezcalW18,20180223,NH,1,MbD,1,4,117-1-4*,3.29,
mezcalW18,20180223,NH,1,MbD,1,4,117-1-4*,3.25,
mezcalW18,20180223,NH,1,MbD,1,4,117-1-4*,2.87,
mezcalW18,20180223,NH,1,MbD,1,4,117-1-4*,2.7,
mezcalW18,20180223,NH,1,MbD,1,4,117-1-4*,NA,damaged
mezcalW18,20180223,NH,1,MbD,1,4,117-1-4*,2.63,
mezcalW18,20180223,NH,1,MbD,1,4,117-1-4*,3.46,
mezcalW18,20180223,NH,1,MbD,1,4,117-1-4*,2.92,
mezcalW18,20180223,NH,1,MbD,1,4,117-1-4*,3.18,
mezcalW18,20180223,NH,1,MbD,1,4,117-1-4*,2.8,
mezcalW18,20180223,NH,1,MbD,1,4,117-1-4*,3.04,
mezcalW18,20180223,NH,1,MbD,1,4,117-1-4,9.83,
mezcalW18,20180223,NH,1,MbD,1,4,117-1-4,6.74,"Head damaged, missing both eyes"
mezcalW18,20180223,NH,1,MbD,1,4,117-1-4,5.96,
mezcalW18,20180223,NH,1,MbD,1,4,117-1-4,10.62,
mezcalW18,20180223,NH,1,MbD,1,4,117-1-4,6.23,
mezcalW18,20180223,NH,1,MbD,1,4,117-1-4,4.48,
mezcalW18,20180223,NH,1,MbD,1,4,117-1-4,5.63,
mezcalW18,20180223,NH,1,MbD,1,4,117-1-4,6.54,
mezcalW18,20180223,NH,1,MbD,1,4,117-1-4,5.57,
mezcalW18,20180223,NH,1,MbD,1,4,117-1-4,4.8,
mezcalW18,20180223,NH,1,MbD,1,4,117-1-4,4.07,
mezcalW18,20180223,NH,1,MbD,1,4,117-1-4,6.06,
mezcalW18,20180223,NH,1,MbD,1,4,117-1-4,4.13,
mezcalW18,20180223,NH,1,MbD,1,4,117-1-4,4.29,
mezcalW18,20180223,NH,1,MbD,1,4,117-1-4,4.39,
mezcalW18,20180223,NH,1,MbD,1,4,117-1-4,4.3,
mezcalW18,20180223,NH,1,MbD,1,4,117-1-4,3.95,
mezcalW18,20180223,NH,1,MbD,4,3,117-4-3,5.66,
mezcalW18,20190223,NH,1,MbD,4,0,117-4-0,8.29,
mezcalW18,20190223,NH,1,MbD,4,0,117-4-0,9.05,
mezcalW18,20190223,NH,1,MbD,4,0,117-4-0,8.13,
mezcalW18,20190223,NH,1,MbD,4,0,117-4-0,9.12,
mezcalW18,20190223,NH,1,MbD,4,0,117-4-0,10,
mezcalW18,20190223,NH,1,MbD,4,0,117-4-0,9.54,
mezcalW18,20190223,NH,1,MbD,4,0,117-4-0,9.11,
mezcalW18,20190223,NH,1,MbD,4,0,117-4-0,9.54,
mezcalW18,20190223,NH,1,MbD,4,0,117-4-0,6.26,
mezcalW18,20190223,NH,1,MbD,4,0,117-4-0,8.72,
mezcalW18,20190223,NH,1,MbD,4,0,117-4-0,9.86,
mezcalW18,20190223,NH,1,MbD,4,0,117-4-0,NA,damaged
mezcalW18,20190223,NH,1,MbD,4,0,117-4-0,7.1,
mezcalW18,20190223,NH,1,MbD,4,0,117-4-0,8.49,
mezcalW18,20190223,NH,1,MbD,4,0,117-4-0,9.81,
mezcalW18,20190223,NH,1,MbD,4,0,117-4-0,8.95,
mezcalW18,20190223,NH,1,MbD,4,0,117-4-0,8.49,
mezcalW18,20190223,NH,1,MbD,4,0,117-4-0,9.29,
mezcalW18,20190223,NH,1,MbD,4,0,117-4-0,10.81,
mezcalW18,20190223,NH,1,MbD,4,0,117-4-0,9.09,
mezcalW18,20190223,NH,1,MbD,4,0,117-4-0,10.2,
mezcalW18,20190223,NH,1,MbD,4,0,117-4-0,7.9,
mezcalW18,20190223,NH,1,MbD,4,0,117-4-0,9.5,
mezcalW18,20190223,NH,1,MbD,4,0,117-4-0,8.95,
mezcalW18,20190223,NH,1,MbD,4,0,117-4-0,10.03,
mezcalW18,20190223,NH,1,MbD,4,0,117-4-0,10.06,
mezcalW18,20190223,NH,1,MbD,4,0,117-4-0,9.65,
mezcalW18,20190223,NH,1,MbD,4,0,117-4-0,7.8,
mezcalW18,20190223,NH,1,MbD,4,0,117-4-0,8.31,
mezcalW18,20190223,NH,1,MbD,4,0,117-4-0,10.38,
mezcalW18,20190223,NH,1,MbD,4,0,117-4-0,9.67,
mezcalW18,20190223,NH,1,MbD,4,0,117-4-0,9.29,
mezcalW18,20190223,NH,1,MbD,4,0,117-4-0,9.4,
mezcalW18,20190223,NH,1,MbD,4,0,117-4-0,5.02,
mezcalW18,20190223,NH,1,MbD,4,0,117-4-0,6.95,
mezcalW18,20190223,NH,1,MbD,4,0,117-4-0,7.75,
mezcalW18,20190223,NH,1,MbD,4,0,117-4-0,8.79,
mezcalW18,20190223,NH,1,MbD,4,0,117-4-0,9.04,
mezcalW18,20190223,NH,1,MbD,4,0,117-4-0,8.06,
mezcalW18,20190223,NH,1,MbD,4,0,117-4-0,7.74,
mezcalW18,20190223,NH,1,MbD,4,0,117-4-0,8.38,
mezcalW18,20190223,NH,1,MbD,4,0,117-4-0,8.12,
mezcalW18,20190223,NH,1,MbD,4,0,117-4-0,8.77,
mezcalW18,20190223,NH,1,MbD,4,0,117-4-0,9.49,
mezcalW18,20190223,NH,1,MbD,4,0,117-4-0,7,
mezcalW18,20190223,NH,1,MbD,4,0,117-4-0,5.9,
mezcalW18,20190223,NH,1,MbD,4,0,117-4-0,5.67,
mezcalW18,20190223,NH,1,MbD,4,0,117-4-0,8,
mezcalW18,20190223,NH,1,MbD,4,0,117-4-0,6.37,
mezcalW18,20190223,NH,1,MbD,4,0,117-4-0,6.44,
mezcalW18,20190223,NH,1,MbD,4,0,117-4-0,NA,damaged
mezcalW18,20190223,NH,1,MbD,4,0,117-4-0,7.7,
mezcalW18,20190223,NH,1,MbD,4,0,117-4-0,8.83,
mezcalW18,20190223,NH,1,MbD,4,0,117-4-0,9.82,
mezcalW18,20190223,NH,1,MbD,4,0,117-4-0,7.76,
mezcalW18,20190223,NH,1,MbD,4,0,117-4-0,NA,damaged
mezcalW18,20190223,NH,1,MbD,4,0,117-4-0,NA,damaged
mezcalW18,20190223,NH,1,MbD,4,0,117-4-0,10.81,
mezcalW18,20190223,NH,1,MbD,4,0,117-4-0,4.47,
mezcalW18,20190223,NH,1,MbD,4,0,117-4-0,7.84,
mezcalW18,20190223,NH,1,MbD,4,0,117-4-0,9.54,
mezcalW18,20190223,NH,1,MbD,4,0,117-4-0,7.69,
mezcalW18,20190223,NH,1,MbD,4,0,117-4-0,NA,damaged
mezcalW18,20190223,NH,1,MbD,4,0,117-4-0,NA,damaged
mezcalW18,20190223,NH,1,MbD,4,0,117-4-0,8.18,
mezcalW18,20190223,NH,1,MbD,4,0,117-4-0,7.92,
mezcalW18,20190223,NH,1,MbD,4,0,117-4-0,9.09,
mezcalW18,20190223,NH,1,MbD,4,0,117-4-0,8.8,
mezcalW18,20190223,NH,1,MbD,4,0,117-4-0,6.27,
mezcalW18,20190223,NH,1,MbD,4,0,117-4-0,NA,damaged
mezcalW18,20190223,NH,1,MbD,4,0,117-4-0,5.18,
mezcalW18,20190223,NH,1,MbD,4,0,117-4-0,9.52,
mezcalW18,20190223,NH,1,MbD,4,0,117-4-0,NA,damaged
mezcalW18,20190223,NH,1,MbD,4,0,117-4-0,6.07,
mezcalW18,20190223,NH,1,MbD,4,0,117-4-0,8.4,
mezcalW18,20190223,NH,1,MbD,4,0,117-4-0,8.41,
mezcalW18,20190223,NH,1,MbD,4,0,117-4-0,NA,damaged
mezcalW18,20190223,NH,1,MbD,4,0,117-4-0,8.81,
mezcalW18,20190223,NH,1,MbD,4,0,117-4-0,6.31,
mezcalW18,20190223,NH,1,MbD,4,0,117-4-0,NA,damaged
mezcalW18,20190223,NH,1,MbD,4,0,117-4-0,8.91,
mezcalW18,20190223,NH,1,MbD,4,0,117-4-0,5.38,
mezcalW18,20190223,NH,1,MbD,4,0,117-4-0,9.69,post flexion
mezcalW18,20190223,NH,1,MbD,4,0,117-4-0,10.76,post flexion
mezcalW18,20190223,NH,1,MbD,4,0,117-4-0,NA,damaged
mezcalW18,20190223,NH,1,MbD,4,0,117-4-0,6.87,
mezcalW18,20190223,NH,1,MbD,4,0,117-4-0,7.08,
mezcalW18,20190223,NH,1,MbD,4,0,117-4-0,8.16,
mezcalW18,20190223,NH,1,MbD,4,0,117-4-0,6.78,
mezcalW18,20190223,NH,1,MbD,4,0,117-4-0,8.14,
mezcalW18,20190223,NH,1,MbD,4,0,117-4-0,8.67,
mezcalW18,20190223,NH,1,MbD,4,0,117-4-0,NA,damaged
mezcalW18,20190223,NH,1,MbD,4,0,117-4-0,7.93,
mezcalW18,20190223,NH,1,MbD,4,0,117-4-0,9.16,
mezcalW18,20190223,NH,1,MbD,4,0,117-4-0,7.94,
mezcalW18,20190223,NH,1,MbD,4,0,117-4-0,7.5,
mezcalW18,20190223,NH,1,MbD,4,0,117-4-0,8.62,
mezcalW18,20190223,NH,1,MbD,4,0,117-4-0,NA,damaged
mezcalW18,20190223,NH,1,MbD,4,0,117-4-0,9.08,
mezcalW18,20190223,NH,1,MbD,4,0,117-4-0,7.2,
mezcalW18,20190223,NH,1,MbD,4,0,117-4-0,9.41,
mezcalW18,20190223,NH,1,MbD,4,0,117-4-0,8.46,
mezcalW18,20190223,NH,1,MbD,4,0,117-4-0,9.53,
mezcalW18,20190223,NH,1,MbD,4,0,117-4-0,9.25,
mezcalW18,20190223,NH,1,MbD,4,0,117-4-0,NA,damaged
mezcalW18,20190223,NH,1,MbD,4,0,117-4-0,8.89,
mezcalW18,20190223,NH,1,MbD,4,0,117-4-0,7.89,
mezcalW18,20190223,NH,1,MbD,4,0,117-4-0,NA,damaged
mezcalW18,20190223,NH,1,MbD,4,0,117-4-0,11.23,
mezcalW18,20190223,NH,1,MbD,4,0,117-4-0,8.84,post-flexion
mezcalW18,20190223,NH,1,MbD,4,0,117-4-0,8.59,
mezcalW18,20190223,NH,1,MbD,4,0,117-4-0,7.23,
mezcalW18,20190223,NH,1,MbD,4,0,117-4-0,7.06,
mezcalW18,20190223,NH,1,MbD,4,0,117-4-0,7.75,
mezcalW18,20190223,NH,1,MbD,4,0,117-4-0,10.59,post-flexion
mezcalW18,20190223,NH,1,MbD,4,0,117-4-0,7.97,
mezcalW18,20190223,NH,1,MbD,4,0,117-4-0,5.75,
mezcalW18,20190223,NH,1,MbD,4,0,117-4-0,8.75,
mezcalW18,20190223,NH,1,MbD,4,0,117-4-0,6.72,
mezcalW18,20190223,NH,1,MbD,4,0,117-4-0,7.16,
mezcalW18,20190223,NH,1,MbD,4,0,117-4-0,NA,damaged
mezcalW18,20190223,NH,1,MbD,4,0,117-4-0,8.31,
mezcalW18,20190223,NH,1,MbD,4,0,117-4-0,NA,damaged
mezcalW18,20190223,NH,1,MbD,4,0,117-4-0,9,post-flexion
mezcalW18,20190223,NH,1,MbD,4,0,117-4-0,11.08,post-flexion
mezcalW18,20190223,NH,1,MbD,4,0,117-4-0,6.63,
mezcalW18,20190223,NH,1,MbD,4,0,117-4-0,9.26,
mezcalW18,20190223,NH,1,MbD,4,0,117-4-0,5.32,
mezcalW18,20190223,NH,1,MbD,4,0,117-4-0,7.95,
mezcalW18,20190223,NH,1,MbD,4,0,117-4-0,7.84,
mezcalW18,20190223,NH,1,MbD,4,0,117-4-0,7.01,
mezcalW18,20190223,NH,1,MbD,4,0,117-4-0,7.42,
mezcalW18,20190223,NH,1,MbD,4,0,117-4-0,6.87,
mezcalW18,20190223,NH,1,MbD,4,0,117-4-0,9.15,
mezcalW18,20190223,NH,1,MbD,4,0,117-4-0,8.95,
mezcalW18,20190223,NH,1,MbD,4,0,117-4-0,NA,damaged- measurement iccurate
mezcalW18,20190223,NH,1,MbD,4,0,117-4-0,6.78,
mezcalW18,20190223,NH,1,MbD,4,0,117-4-0,NA,tiny + damaged
mezcalW18,20190223,NH,1,MbD,4,0,117-4-0,5.54,
mezcalW18,20190223,NH,1,MbD,4,0,117-4-0,NA,damaged
mezcalW18,20190223,NH,1,MbD,4,0,117-4-0,6.32,
mezcalW18,20190223,NH,1,MbD,4,0,117-4-0,6.85,
mezcalW18,20190223,NH,1,MbD,4,0,117-4-0,6.59,
mezcalW18,20190223,NH,1,MbD,4,0,117-4-0,6.99,
mezcalW18,20190223,NH,1,MbD,4,0,117-4-0,7.56,
mezcalW18,20190223,NH,1,MbD,4,0,117-4-0,6.42,
mezcalW18,20190223,NH,1,MbD,4,0,117-4-0,8.3,flexion?
mezcalW18,20190223,NH,1,MbD,4,0,117-4-0,10.34,post-flexion
mezcalW18,20190223,NH,1,MbD,4,0,117-4-0,6.8,
mezcalW18,20190223,NH,1,MbD,4,0,117-4-0,7.05,
mezcalW18,20190223,NH,1,MbD,4,0,117-4-0,NA,heavily damaged
mezcalW18,20190223,NH,1,MbD,4,0,117-4-0,NA,just a head
mezcalW18,20190223,NH,1,MbD,4,0,117-4-0,5.45,
mezcalW18,20190223,NH,1,MbD,4,0,117-4-0,8.02,
mezcalW18,20190223,NH,1,MbD,4,0,117-4-0,5.82,
mezcalW18,20190223,NH,1,MbD,4,0,117-4-0,7.11,
mezcalW18,20190223,NH,1,MbD,4,0,117-4-0,8.42,
mezcalW18,20190223,NH,1,MbD,4,0,117-4-0,9.77,
mezcalW18,20190223,NH,1,MbD,4,0,117-4-0,6.95,
mezcalW18,20190223,NH,1,MbD,4,0,117-4-0,7.41,
mezcalW18,20190223,NH,1,MbD,4,0,117-4-0,8.62,
mezcalW18,20190223,NH,1,MbD,4,0,117-4-0,7.55,
mezcalW18,20190223,NH,1,MbD,4,0,117-4-0,9.47,post-flexion
mezcalW18,20190223,NH,1,MbD,4,0,117-4-0,8.99,
mezcalW18,20190223,NH,1,MbD,4,0,117-4-0,8.92,
mezcalW18,20190223,NH,1,MbD,4,0,117-4-0,NA,heavily damaged
mezcalW18,20190223,NH,1,MbD,4,0,117-4-0,NA,heavily damaged
mezcalW18,20190223,NH,1,MbD,4,0,117-4-0,8.22,
mezcalW18,20190223,NH,1,MbD,4,0,117-4-0,6.75,
mezcalW18,20190223,NH,1,MbD,4,0,117-4-0,7.08,
mezcalW18,20190223,NH,1,MbD,4,0,117-4-0,7.05,
mezcalW18,20190223,NH,1,MbD,4,0,117-4-0,9.35,
mezcalW18,20190223,NH,1,MbD,4,0,117-4-0,4.57,
mezcalW18,20190223,NH,1,MbD,4,0,117-4-0,7.76,
mezcalW18,20190223,NH,1,MbD,4,0,117-4-0,7.58,
mezcalW18,20190223,NH,1,MbD,4,0,117-4-0,NA,heavily damaged
mezcalW18,20190223,NH,1,MbD,4,0,117-4-0,7.02,
mezcalW18,20190223,NH,1,MbD,4,0,117-4-0,7.65,
mezcalW18,20190223,NH,1,MbD,4,0,117-4-0,7.13,
mezcalW18,20190223,NH,1,MbD,4,0,117-4-0,7.19,
mezcalW18,20190223,NH,1,MbD,4,0,117-4-0,6.31,
mezcalW18,20190223,NH,1,MbD,4,0,117-4-0,6.4,
mezcalW18,20190223,NH,1,MbD,4,0,117-4-0,NA,heavily damaged
mezcalW18,20190223,NH,1,MbD,4,0,117-4-0,8.74,
mezcalW18,20190223,NH,1,MbD,4,0,117-4-0,7.77,
mezcalW18,20190223,NH,1,MbD,4,0,117-4-0,6.83,
mezcalW18,20190223,NH,1,MbD,4,0,117-4-0,7.76,
mezcalW18,20190223,NH,1,MbD,4,0,117-4-0,7.93,
mezcalW18,20190223,NH,1,MbD,4,0,117-4-0,6.97,
mezcalW18,20190223,NH,1,MbD,4,0,117-4-0,8.78,
mezcalW18,20190223,NH,1,MbD,4,0,117-4-0,NA,heavily damaged
mezcalW18,20190223,NH,1,MbD,4,0,117-4-0,8.4,
mezcalW18,20190223,NH,1,MbD,4,0,117-4-0,NA,heavily damaged
mezcalW18,20190223,NH,1,MbD,4,0,117-4-0,NA,heavily damaged
mezcalW18,20190223,NH,1,MbD,4,0,117-4-0,9.58,
mezcalW18,20190223,NH,1,MbD,4,0,117-4-0,8.66,