Vial_Label,Haul Code,Fish_number,Length(mm),
mezcalW19-20190307-NH-S2-MbD-Moc4-N4,319-4-4,1,10.89,
mezcalW19-20190307-NH-S2-MbD-Moc4-N4,319-4-4,2,10.24,
mezcalW19-20190307-NH-S2-MbD-Moc4-N4,319-4-4,3,10.63,
mezcalW19-20190307-NH-S2-MbD-Moc4-N4,319-4-4,4,11.73,
mezcalW19-20190307-NH-S2-MbD-Moc4-N4,319-4-4,5,7.49,
mezcalW19-20190307-NH-S2-MbD-Moc4-N4,319-4-4,6,10.72,
mezcalW19-20190307-NH-S2-MbD-Moc4-N4,319-4-4,7,8.75,
mezcalW19-20190307-NH-S2-MbD-Moc4-N4,319-4-4,8,7.46,
mezcalW19-20190307-NH-S2-MbD-Moc4-N4,319-4-4,9,10.06,
mezcalW19-20190307-NH-S2-MbD-Moc4-N4,319-4-4,10,9.52,
mezcalW19-20190307-NH-S2-MbD-Moc4-N4,319-4-4,11,9.15,
mezcalW19-20190307-NH-S2-MbD-Moc4-N4,319-4-4,12,9.4,
mezcalW19-20190307-NH-S2-MbD-Moc4-N4,319-4-4,13,9.51,
mezcalW19-20190307-NH-S2-MbD-Moc4-N4,319-4-4,14,10.43,
mezcalW19-20190307-NH-S2-MbD-Moc4-N4,319-4-4,15,10.99,
mezcalW19-20190307-NH-S2-MbD-Moc4-N4,319-4-4,16,11.09,
mezcalW19-20190307-NH-S2-MbD-Moc4-N4,319-4-4,17,8.27,
mezcalW19-20190307-NH-S2-MbD-Moc4-N4,319-4-4,18,9.78,
mezcalW19-20190307-NH-S2-MbD-Moc4-N4,319-4-4,19,9.59,
mezcalW19-20190307-NH-S2-MbD-Moc4-N4,319-4-4,20,7.82,
mezcalW19-20190307-NH-S2-MbD-Moc4-N4,319-4-4,21,10.52,
mezcalW19-20190307-NH-S2-MbD-Moc4-N4,319-4-4,22,14.1,
mezcalW19-20190307-NH-S2-MbD-Moc4-N4,319-4-4,23,7.38,
mezcalW19-20190307-NH-S2-MbD-Moc4-N4,319-4-4,24,9.16,
mezcalW19-20190307-NH-S2-MbD-Moc4-N4,319-4-4,25,7.97,
mezcalW19-20190307-NH-S2-MbD-Moc4-N4,319-4-4,26,12.84,
mezcalW19-20190307-NH-S2-MbD-Moc4-N4,319-4-4,27,8.47,
mezcalW19-20190307-NH-S2-MbD-Moc4-N4,319-4-4,28,9.3,
mezcalW19-20190307-NH-S2-MbD-Moc4-N4,319-4-4,29,6.86,
mezcalW19-20190307-NH-S2-MbD-Moc4-N4,319-4-4,30,8.39,
mezcalW19-20190307-NH-S2-MbD-Moc4-N4,319-4-4,31,8.18,
mezcalW19-20190307-NH-S2-MbD-Moc4-N4,319-4-4,32,6.94,
mezcalW19-20190307-NH-S2-MbD-Moc4-N4,319-4-4,33,9.53,
mezcalW19-20190307-NH-S2-MbD-Moc4-N4,319-4-4,34,9.37,
mezcalW19-20190307-NH-S2-MbD-Moc4-N4,319-4-4,35,13.88,
mezcalW19-20190307-NH-S2-MbD-Moc4-N4,319-4-4,36,16.21,
mezcalW19-20190307-NH-S2-MbD-Moc4-N4,319-4-4,37,9.71,
mezcalW19-20190307-NH-S2-MbD-Moc4-N4,319-4-4,38,9.42,
mezcalW19-20190307-NH-S2-MbD-Moc4-N4,319-4-4,39,10.51,
mezcalW19-20190307-NH-S2-MbD-Moc4-N4,319-4-4,40,8.46,
mezcalW19-20190307-NH-S2-MbD-Moc4-N4,319-4-4,41,7.68,
mezcalW19-20190307-NH-S2-MbD-Moc4-N4,319-4-4,42,9.05,
mezcalW19-20190307-NH-S2-MbD-Moc4-N4,319-4-4,43,9.64,
mezcalW19-20190307-NH-S2-MbD-Moc4-N4,319-4-4,44,8.21,
mezcalW19-20190307-NH-S2-MbD-Moc4-N4,319-4-4,45,6.13,
mezcalW19-20190307-NH-S2-MbD-Moc4-N4,319-4-4,46,9.53,
mezcalW19-20190307-NH-S2-MbD-Moc4-N4,319-4-4,47,6.86,
mezcalW19-20190307-NH-S2-MbD-Moc4-N4,319-4-4,48,7.22,
mezcalW19-20190307-NH-S2-MbD-Moc4-N4,319-4-4,49,9.57,
mezcalW19-20190307-NH-S2-MbD-Moc4-N4,319-4-4,50,7.8,
mezcalW19-20190307-NH-S2-MbD-Moc4-N4,319-4-4,51,7.77,
mezcalW19-20190307-NH-S2-MbD-Moc4-N4,319-4-4,52,8.22,
mezcalW19-20190307-NH-S2-MbD-Moc4-N4,319-4-4,53,10.25,
mezcalW19-20190307-NH-S2-MbD-Moc4-N4,319-4-4,54,14.58,
mezcalW19-20190307-NH-S2-MbD-Moc4-N4,319-4-4,55,9.78,
mezcalW19-20190307-NH-S2-MbD-Moc4-N4,319-4-4,56,12.3,
mezcalW19-20190307-NH-S2-MbD-Moc4-N4,319-4-4,57,9.76,
mezcalW19-20190307-NH-S2-MbD-Moc4-N4,319-4-4,58,9.69,
mezcalW19-20190307-NH-S2-MbD-Moc4-N4,319-4-4,59,9.78,
mezcalW19-20190307-NH-S2-MbD-Moc4-N4,319-4-4,60,9.69,
mezcalW19-20190307-NH-S2-MbD-Moc4-N4,319-4-4,61,12.07,
mezcalW19-20190307-NH-S2-MbD-Moc4-N4,319-4-4,62,11.18,
mezcalW19-20190307-NH-S2-MbD-Moc4-N4,319-4-4,63,11.1,
mezcalW19-20190307-NH-S2-MbD-Moc4-N4,319-4-4,64,7.15,
mezcalW19-20190307-NH-S2-MbD-Moc4-N4,319-4-4,65,10.03,
mezcalW19-20190307-NH-S2-MbD-Moc4-N4,319-4-4,66,11.91,
mezcalW19-20190307-NH-S2-MbD-Moc4-N4,319-4-4,67,9,
mezcalW19-20190307-NH-S2-MbD-Moc4-N4,319-4-4,68,8.14,
mezcalW19-20190307-NH-S2-MbD-Moc4-N4,319-4-4,69,7.79,
mezcalW19-20190307-NH-S2-MbD-Moc4-N4,319-4-4,70,15.63,
mezcalW19-20190307-NH-S2-MbD-Moc4-N4,319-4-4,71,8.16,
mezcalW19-20190307-NH-S2-MbD-Moc4-N4,319-4-4,72,6.73,
mezcalW19-20190307-NH-S2-MbD-Moc4-N4,319-4-4,73,8.52,
mezcalW19-20190307-NH-S2-MbD-Moc4-N4,319-4-4,74,10.07,
mezcalW19-20190307-NH-S2-MbD-Moc4-N4,319-4-4,75,9.16,
mezcalW19-20190307-NH-S2-MbD-Moc4-N4,319-4-4,76,11.65,
mezcalW19-20190307-NH-S2-MbD-Moc4-N4,319-4-4,77,11.24,
mezcalW19-20190307-NH-S2-MbD-Moc4-N4,319-4-4,78,9.92,
mezcalW19-20190307-NH-S2-MbD-Moc4-N4,319-4-4,79,10.79,
mezcalW19-20190307-NH-S2-MbD-Moc4-N4,319-4-4,80,8.73,
mezcalW19-20190307-NH-S2-MbD-Moc4-N4,319-4-4,81,9.26,
mezcalW19-20190307-NH-S2-MbD-Moc4-N4,319-4-4,82,11.32,
mezcalW19-20190307-NH-S2-MbD-Moc4-N4,319-4-4,83,10.72,
mezcalW19-20190307-NH-S2-MbD-Moc4-N4,319-4-4,84,11.5,
mezcalW19-20190307-NH-S2-MbD-Moc4-N4,319-4-4,85,10.16,
mezcalW19-20190307-NH-S2-MbD-Moc4-N4,319-4-4,86,8.98,
mezcalW19-20190307-NH-S2-MbD-Moc4-N4,319-4-4,87,8.06,
mezcalW19-20190307-NH-S2-MbD-Moc4-N4,319-4-4,88,9.36,
mezcalW19-20190307-NH-S2-MbD-Moc4-N4,319-4-4,89,9.71,
mezcalW19-20190307-NH-S2-MbD-Moc4-N4,319-4-4,90,10.13,
mezcalW19-20190307-NH-S2-MbD-Moc4-N4,319-4-4,91,12.13,
mezcalW19-20190307-NH-S2-MbD-Moc4-N4,319-4-4,92,10.34,
mezcalW19-20190307-NH-S2-MbD-Moc4-N4,319-4-4,93,10.69,
mezcalW19-20190307-NH-S2-MbD-Moc4-N4,319-4-4,94,8.99,
mezcalW19-20190307-NH-S2-MbD-Moc4-N4,319-4-4,95,10.18,
mezcalW19-20190307-NH-S2-MbD-Moc4-N4,319-4-4,96,9.18,
mezcalW19-20190307-NH-S2-MbD-Moc4-N4,319-4-4,97,15.1,
mezcalW19-20190307-NH-S2-MbD-Moc4-N4,319-4-4,98,14.75,
mezcalW19-20190307-NH-S2-MbD-Moc4-N4,319-4-4,99,13.04,
mezcalW19-20190307-NH-S2-MbD-Moc4-N4,319-4-4,100,12.12,
mezcalW19-20190307-NH-S2-MbD-Moc4-N4,319-4-4,101,10.16,
mezcalW19-20190307-NH-S2-MbD-Moc4-N4,319-4-4,102,13.28,
mezcalW19-20190307-NH-S2-MbD-Moc4-N4,319-4-4,103,16.12,
mezcalW19-20190307-NH-S2-MbD-Moc4-N4,319-4-4,104,12.54,
mezcalW19-20190307-NH-S2-MbD-Moc4-N4,319-4-4,105,14.91,
mezcalW19-20190307-NH-S2-MbD-Moc4-N4,319-4-4,106,NA,not English sole 
mezcalW19-20190307-NH-S2-MbD-Moc4-N4,319-4-4,107,9.85,post-flexion
mezcalW19-20190307-NH-S2-MbD-Moc4-N4,319-4-4,108,8.98,post-flexion
mezcalW19-20190307-NH-S2-MbD-Moc4-N4,319-4-4,109,8.74,
mezcalW19-20190307-NH-S2-MbD-Moc4-N4,319-4-4,110,10.15,post-flexion
mezcalW19-20190307-NH-S2-MbD-Moc4-N4,319-4-4,111,12.67,post-flexion
mezcalW19-20190307-NH-S2-MbD-Moc4-N4,319-4-4,112,11.05,post-flexion
mezcalW19-20190307-NH-S2-MbD-Moc4-N4,319-4-4,113,11.63,post-flexion
mezcalW19-20190307-NH-S2-MbD-Moc4-N4,319-4-4,114,10.62,post-flexion
mezcalW19-20190307-NH-S2-MbD-Moc4-N4,319-4-4,115,12.87,post-flexion
mezcalW19-20190307-NH-S2-MbD-Moc4-N4,319-4-4,116,8.51,
mezcalW19-20190307-NH-S2-MbD-Moc4-N4,319-4-4,117,11.46,post-flexion
mezcalW19-20190307-NH-S2-MbD-Moc4-N4,319-4-4,118,10.69,post-flexion
mezcalW19-20190307-NH-S2-MbD-Moc4-N4,319-4-4,119,11.41,post-flexion
mezcalW19-20190307-NH-S2-MbD-Moc4-N4,319-4-4,120,7.15,
mezcalW19-20190307-NH-S2-MbD-Moc4-N4,319-4-4,121,10.18,post-flexion
mezcalW19-20190307-NH-S2-MbD-Moc4-N4,319-4-4,122,8.77,
mezcalW19-20190307-NH-S2-MbD-Moc4-N4,319-4-4,123,11.79,post-flexion
mezcalW19-20190307-NH-S2-MbD-Moc4-N4,319-4-4,124,6.34,
mezcalW19-20190307-NH-S2-MbD-Moc4-N4,319-4-4,125,6.51,
mezcalW19-20190307-NH-S2-MbD-Moc4-N4,319-4-4,126,9.91,post-flexion
mezcalW19-20190307-NH-S2-MbD-Moc4-N4,319-4-4,127,13.52,post-flexion
mezcalW19-20190307-NH-S2-MbD-Moc4-N4,319-4-4,128,8.07,
mezcalW19-20190307-NH-S2-MbD-Moc4-N4,319-4-4,129,10.48,post-flexion
mezcalW19-20190307-NH-S2-MbD-Moc4-N4,319-4-4,130,9.01,post-flexion
mezcalW19-20190307-NH-S2-MbD-Moc4-N4,319-4-4,131,11.07,post-flexion
mezcalW19-20190307-NH-S2-MbD-Moc4-N4,319-4-4,132,9.39,post-flexion
mezcalW19-20190307-NH-S2-MbD-Moc4-N4,319-4-4,133,8.8,flexion
mezcalW19-20190307-NH-S2-MbD-Moc4-N4,319-4-4,134,NA,"damaged, missing tail"
mezcalW19-20190307-NH-S2-MbD-Moc4-N4,319-4-4,135,10.97,post-flexion
mezcalW19-20190307-NH-S2-MbD-Moc4-N4,319-4-4,136,9.81,post-flexion
mezcalW19-20190307-NH-S2-MbD-Moc4-N4,319-4-4,137,12.16,post-flexion
mezcalW19-20190307-NH-S2-MbD-Moc4-N4,319-4-4,138,7.83,
mezcalW19-20190307-NH-S2-MbD-Moc4-N4,319-4-4,139,11.93,post-flexion
mezcalW19-20190307-NH-S2-MbD-Moc4-N4,319-4-4,140,8.84,post-flexion
mezcalW19-20190307-NH-S2-MbD-Moc4-N4,319-4-4,141,8.71,
mezcalW19-20190307-NH-S2-MbD-Moc4-N4,319-4-4,142,7.31,
mezcalW19-20190307-NH-S2-MbD-Moc4-N4,319-4-4,143,11.01,post-flexion
mezcalW19-20190307-NH-S2-MbD-Moc4-N4,319-4-4,144,7.81,
mezcalW19-20190307-NH-S2-MbD-Moc4-N4,319-4-4,145,11.08,post-flexion
mezcalW19-20190307-NH-S2-MbD-Moc4-N4,319-4-4,146,9.44,post-flexion
mezcalW19-20190307-NH-S2-MbD-Moc4-N4,319-4-4,147,11.3,post-flexion
mezcalW19-20190307-NH-S2-MbD-Moc4-N4,319-4-4,148,10.92,post-flexion
mezcalW19-20190307-NH-S2-MbD-Moc4-N4,319-4-4,149,9.43,post-flexion
mezcalW19-20190307-NH-S2-MbD-Moc4-N4,319-4-4,150,9.17,post-flexion
mezcalW19-20190307-NH-S2-MbD-Moc4-N4,319-4-4,151,10.23,post-flexion
mezcalW19-20190307-NH-S2-MbD-Moc4-N4,319-4-4,152,9.86,post-flexion
mezcalW19-20190307-NH-S2-MbD-Moc4-N4,319-4-4,153,9.68,flexion
mezcalW19-20190307-NH-S2-MbD-Moc4-N4,319-4-4,154,8.03,flexion
mezcalW19-20190307-NH-S2-MbD-Moc4-N4,319-4-4,155,10.04,post-flexion
mezcalW19-20190307-NH-S2-MbD-Moc4-N4,319-4-4,156,9.61,flexion
mezcalW19-20190307-NH-S2-MbD-Moc4-N4,319-4-4,157,6.02,
mezcalW19-20190307-NH-S2-MbD-Moc4-N4,319-4-4,158,10.16,post-flexion
mezcalW19-20190307-NH-S2-MbD-Moc4-N4,319-4-4,159,6.37,
mezcalW19-20190307-NH-S2-MbD-Moc4-N4,319-4-4,160,7.3,
mezcalW19-20190307-NH-S2-MbD-Moc4-N4,319-4-4,161,9.52,moderate damage
mezcalW19-20190307-NH-S2-MbD-Moc4-N4,319-4-4,162,10.52,post-flexion
mezcalW19-20190307-NH-S2-MbD-Moc4-N4,319-4-4,163,NA,severely damaged
mezcalW19-20190307-NH-S2-MbD-Moc4-N4,319-4-4,164,7.35,
mezcalW19-20190307-NH-S2-MbD-Moc4-N4,319-4-4,165,9.76,flexion
mezcalW19-20190307-NH-S2-MbD-Moc4-N4,319-4-4,166,NA,severely damaged
mezcalW19-20190307-NH-S2-MbD-Moc4-N4,319-4-4,167,13.25,post-flexion
mezcalW19-20190307-NH-S2-MbD-Moc4-N4,319-4-4,168,9.14,flexion
mezcalW19-20190307-NH-S2-MbD-Moc4-N4,319-4-4,169,7.65,
mezcalW19-20190307-NH-S2-MbD-Moc4-N4,319-4-4,170,6.94,
mezcalW19-20190307-NH-S2-MbD-Moc4-N4,319-4-4,171,9.28,
mezcalW19-20190307-NH-S2-MbD-Moc4-N4,319-4-4,172,12.54,post-flexion
mezcalW19-20190307-NH-S2-MbD-Moc4-N4,319-4-4,173,7.46,
mezcalW19-20190307-NH-S2-MbD-Moc4-N4,319-4-4,174,9.53,flexion
mezcalW19-20190307-NH-S2-MbD-Moc4-N4,319-4-4,175,NA,severely damaged
mezcalW19-20190307-NH-S2-MbD-Moc4-N4,319-4-4,176,9.72,
mezcalW19-20190307-NH-S2-MbD-Moc4-N4,319-4-4,177,8.82,
mezcalW19-20190307-NH-S2-MbD-Moc4-N4,319-4-4,178,10.41,post-flexion
mezcalW19-20190307-NH-S2-MbD-Moc4-N4,319-4-4,179,10.3,post-flexion
mezcalW19-20190307-NH-S2-MbD-Moc4-N4,319-4-4,180,9.04,flexion
mezcalW19-20190307-NH-S2-MbD-Moc4-N4,319-4-4,181,10.58,post-flexion
mezcalW19-20190307-NH-S2-MbD-Moc4-N4,319-4-4,182,NA,severely damaged
mezcalW19-20190307-NH-S2-MbD-Moc4-N4,319-4-4,183,9.91,post-flexion
mezcalW19-20190307-NH-S2-MbD-Moc4-N4,319-4-4,184,9.87,post-flexion
mezcalW19-20190307-NH-S2-MbD-Moc4-N4,319-4-4,185,10.12,post-flexion
mezcalW19-20190307-NH-S2-MbD-Moc4-N4,319-4-4,186,11.38,post-flexion
mezcalW19-20190307-NH-S2-MbD-Moc4-N4,319-4-4,187,9.54,post-flexion
mezcalW19-20190307-NH-S2-MbD-Moc4-N4,319-4-4,188,10.09,post-flexion
mezcalW19-20190307-NH-S2-MbD-Moc4-N4,319-4-4,189,10.83,post-flexion
mezcalW19-20190307-NH-S2-MbD-Moc4-N4,319-4-4,190,10.35,post-flexion
mezcalW19-20190307-NH-S2-MbD-Moc4-N4,319-4-4,191,9.1,flexion
mezcalW19-20190307-NH-S2-MbD-Moc4-N4,319-4-4,192,10.39,post-flexion
mezcalW19-20190307-NH-S2-MbD-Moc4-N4,319-4-4,193,6.03,
mezcalW19-20190307-NH-S2-MbD-Moc4-N4,319-4-4,194,8.48,
mezcalW19-20190307-NH-S2-MbD-Moc4-N4,319-4-4,195,10.53,post-flexion
mezcalW19-20190307-NH-S2-MbD-Moc4-N4,319-4-4,196,9.65,
mezcalW19-20190307-NH-S2-MbD-Moc4-N4,319-4-4,197,10.01,post-flexion
mezcalW19-20190307-NH-S2-MbD-Moc4-N4,319-4-4,198,9.45,post-flexion
mezcalW19-20190307-NH-S2-MbD-Moc4-N4,319-4-4,199,NA,severely damaged
mezcalW19-20190307-NH-S2-MbD-Moc4-N4,319-4-4,200,8.45,flexion
mezcalW19-20190307-NH-S2-MbD-Moc4-N4,319-4-4,201,8.29,flexion
mezcalW19-20190307-NH-S2-MbD-Moc4-N4,319-4-4,202,NA,only tail section
mezcalW19-20190307-NH-S2-MbD-Moc4-N4,319-4-4,203,9.82,post-flexion
mezcalW19-20190307-NH-S2-MbD-Moc4-N4,319-4-4,204,10.65,post-flexion
mezcalW19-20190307-NH-S2-MbD-Moc4-N4,319-4-4,205,NA,severely damaged
mezcalW19-20190307-NH-S2-MbD-Moc4-N4,319-4-4,206,9.26,flexion
mezcalW19-20190307-NH-S2-MbD-Moc4-N4,319-4-4,207,9.22,
mezcalW19-20190307-NH-S2-MbD-Moc4-N4,319-4-4,208,13.93,post-flexion
mezcalW19-20190307-NH-S2-MbD-Moc4-N4,319-4-4,209,9.23,post-flexion
mezcalW19-20190307-NH-S2-MbD-Moc4-N4,319-4-4,210,NA,severely damaged
mezcalW19-20190307-NH-S2-MbD-Moc4-N4,319-4-4,211,11.48,post-flexion
mezcalW19-20190307-NH-S2-MbD-Moc4-N4,319-4-4,212,9.82,
mezcalW19-20190307-NH-S2-MbD-Moc4-N4,319-4-4,213,8.56,flexion
mezcalW19-20190307-NH-S2-MbD-Moc4-N4,319-4-4,214,11.04,post-flexion
mezcalW19-20190307-NH-S2-MbD-Moc4-N4,319-4-4,215,9.53,post-flexion
mezcalW19-20190307-NH-S2-MbD-Moc4-N4,319-4-4,216,NA,severely damaged
mezcalW19-20190307-NH-S2-MbD-Moc4-N4,319-4-4,217,9.52,flexion
mezcalW19-20190307-NH-S2-MbD-Moc4-N4,319-4-4,218,11.52,post-flexion
mezcalW19-20190307-NH-S2-MbD-Moc4-N4,319-4-4,219,9.68,post-flexion
mezcalW19-20190307-NH-S2-MbD-Moc4-N4,319-4-4,220,9.17,post-flexion
mezcalW19-20190307-NH-S2-MbD-Moc4-N4,319-4-4,221,10.92,post-flexion
mezcalW19-20190307-NH-S2-MbD-Moc4-N4,319-4-4,222,9.06,
mezcalW19-20190307-NH-S2-MbD-Moc4-N4,319-4-4,223,NA,severely damaged
mezcalW19-20190307-NH-S2-MbD-Moc4-N4,319-4-4,224,9.54,
mezcalW19-20190307-NH-S2-MbD-Moc4-N4,319-4-4,225,10.07,post-flexion
mezcalW19-20190307-NH-S2-MbD-Moc4-N4,319-4-4,226,10.19,post-flexion
mezcalW19-20190307-NH-S2-MbD-Moc4-N4,319-4-4,227,10.42,
mezcalW19-20190307-NH-S2-MbD-Moc4-N4,319-4-4,228,8.29,
mezcalW19-20190307-NH-S2-MbD-Moc4-N4,319-4-4,229,8,
mezcalW19-20190307-NH-S2-MbD-Moc4-N4,319-4-4,230,7.4,
mezcalW19-20190307-NH-S2-MbD-Moc4-N4,319-4-4,231,7.42,
mezcalW19-20190307-NH-S2-MbD-Moc4-N4,319-4-4,232,10.13,flexion
mezcalW19-20190307-NH-S2-MbD-Moc4-N4,319-4-4,233,9.08,post-flexion
mezcalW19-20190307-NH-S2-MbD-Moc4-N4,319-4-4,234,11.05,post-flexion
mezcalW19-20190307-NH-S2-MbD-Moc4-N4,319-4-4,235,10.02,post-flexion
mezcalW19-20190307-NH-S2-MbD-Moc4-N4,319-4-4,236,10.43,post-flexion
mezcalW19-20190307-NH-S2-MbD-Moc4-N4,319-4-4,237,9.51,
mezcalW19-20190307-NH-S2-MbD-Moc4-N4,319-4-4,238,9.08,
mezcalW19-20190307-NH-S2-MbD-Moc4-N4,319-4-4,239,11.68,post-flexion
mezcalW19-20190307-NH-S2-MbD-Moc4-N4,319-4-4,240,11.04,post-flexion
mezcalW19-20190307-NH-S2-MbD-Moc4-N4,319-4-4,241,7.96,
mezcalW19-20190307-NH-S2-MbD-Moc4-N4,319-4-4,242,8.71,post-flexion
mezcalW19-20190307-NH-S2-MbD-Moc4-N4,319-4-4,243,8.91,flexion
mezcalW19-20190307-NH-S2-MbD-Moc4-N4,319-4-4,244,9.7,post-flexion
,,,,
mezcalW19-20190307-NH-S2-MbD-Moc4-N3,319-4-3,1,10.32,
mezcalW19-20190307-NH-S2-MbD-Moc4-N3,319-4-3,2,11.3,
mezcalW19-20190307-NH-S2-MbD-Moc4-N3,319-4-3,3,9.18,
mezcalW19-20190307-NH-S2-MbD-Moc4-N3,319-4-3,4,8.64,
mezcalW19-20190307-NH-S2-MbD-Moc4-N3,319-4-3,5,8.93,
mezcalW19-20190307-NH-S2-MbD-Moc4-N3,319-4-3,6,9.77,
mezcalW19-20190307-NH-S2-MbD-Moc4-N3,319-4-3,7,8.58,
mezcalW19-20190307-NH-S2-MbD-Moc4-N3,319-4-3,8,9.17,
mezcalW19-20190307-NH-S2-MbD-Moc4-N3,319-4-3,9,8.4,
mezcalW19-20190307-NH-S2-MbD-Moc4-N3,319-4-3,10,8.67,
mezcalW19-20190307-NH-S2-MbD-Moc4-N3,319-4-3,11,8.96,
mezcalW19-20190307-NH-S2-MbD-Moc4-N3,319-4-3,12,8.17,
mezcalW19-20190307-NH-S2-MbD-Moc4-N3,319-4-3,13,7.74,
mezcalW19-20190307-NH-S2-MbD-Moc4-N3,319-4-3,14,8.98,
mezcalW19-20190307-NH-S2-MbD-Moc4-N3,319-4-3,15,9.19,
mezcalW19-20190307-NH-S2-MbD-Moc4-N3,319-4-3,16,7.13,
mezcalW19-20190307-NH-S2-MbD-Moc4-N3,319-4-3,17,9.28,
mezcalW19-20190307-NH-S2-MbD-Moc4-N3,319-4-3,18,6.9,
mezcalW19-20190307-NH-S2-MbD-Moc4-N3,319-4-3,19,8.28,
mezcalW19-20190307-NH-S2-MbD-Moc4-N3,319-4-3,20,9.35,
,,,,
mezcalW19-20190307-NH-S2-MbD-Moc4-N2,319-4-2,1,9.6,
mezcalW19-20190307-NH-S2-MbD-Moc4-N2,319-4-2,2,10.29,
mezcalW19-20190307-NH-S2-MbD-Moc4-N2,319-4-2,3,8.47,
mezcalW19-20190307-NH-S2-MbD-Moc4-N2,319-4-2,4,8.41,
mezcalW19-20190307-NH-S2-MbD-Moc4-N2,319-4-2,5,9.84,
mezcalW19-20190307-NH-S2-MbD-Moc4-N2,319-4-2,6,7.72,
mezcalW19-20190307-NH-S2-MbD-Moc4-N2,319-4-2,7,9.3,
mezcalW19-20190307-NH-S2-MbD-Moc4-N2,319-4-2,8,9.16,Gut region damaged
mezcalW19-20190307-NH-S2-MbD-Moc4-N2,319-4-2,9,9.04,
mezcalW19-20190307-NH-S2-MbD-Moc4-N2,319-4-2,10,10.09,
mezcalW19-20190307-NH-S2-MbD-Moc4-N2,319-4-2,11,10.24,
mezcalW19-20190307-NH-S2-MbD-Moc4-N2,319-4-2,12,8.68,
mezcalW19-20190307-NH-S2-MbD-Moc4-N2,319-4-2,13,9.05,
mezcalW19-20190307-NH-S2-MbD-Moc4-N2,319-4-2,14,8.48,
mezcalW19-20190307-NH-S2-MbD-Moc4-N2,319-4-2,15,8.14,
mezcalW19-20190307-NH-S2-MbD-Moc4-N2,319-4-2,16,8.81,Tail section and head partially broken
mezcalW19-20190307-NH-S2-MbD-Moc4-N2,319-4-2,17,7.18,
mezcalW19-20190307-NH-S2-MbD-Moc4-N2,319-4-2,18,8.14,
mezcalW19-20190307-NH-S2-MbD-Moc4-N2,319-4-2,19,7.95,
mezcalW19-20190307-NH-S2-MbD-Moc4-N2,319-4-2,20,7.25,
mezcalW19-20190307-NH-S2-MbD-Moc4-N2,319-4-2,21,9.01,Gut region slightly damaged
mezcalW19-20190307-NH-S2-MbD-Moc4-N2,319-4-2,22,7.56,
mezcalW19-20190307-NH-S2-MbD-Moc4-N2,319-4-2,23,7.77,
mezcalW19-20190307-NH-S2-MbD-Moc4-N2,319-4-2,24,8.69,
mezcalW19-20190307-NH-S2-MbD-Moc4-N2,319-4-2,25,8.92,
mezcalW19-20190307-NH-S2-MbD-Moc4-N2,319-4-2,26,7.29,Gut region slightly damaged
mezcalW19-20190307-NH-S2-MbD-Moc4-N2,319-4-2,27,8.35,
mezcalW19-20190307-NH-S2-MbD-Moc4-N2,319-4-2,28,7.22,
mezcalW19-20190307-NH-S2-MbD-Moc4-N2,319-4-2,29,7.53,"Entire body damaged, head and gut region severely damaged"
mezcalW19-20190307-NH-S2-MbD-Moc4-N2,319-4-2,30,8.03,Measurement inaccurate; head detached from body
mezcalW19-20190307-NH-S2-MbD-Moc4-N2,319-4-2,31,6.97,Gut region and lower jaw damaged
mezcalW19-20190307-NH-S2-MbD-Moc4-N2,319-4-2,32,5.56,
mezcalW19-20190307-NH-S2-MbD-Moc4-N2,319-4-2,33,7.47,"Measurement inaccurate; body severely damaged and deformed, head detached from body"
,,,,
mezcalW19-20190307-NH-S2-MbD-Moc1-N2,319-1-2,1,8.78,
mezcalW19-20190307-NH-S2-MbD-Moc1-N2,319-1-2,2,8.4,
mezcalW19-20190307-NH-S2-MbD-Moc1-N2,319-1-2,3,8.69,
mezcalW19-20190307-NH-S2-MbD-Moc1-N2,319-1-2,4,8.98,
mezcalW19-20190307-NH-S2-MbD-Moc1-N2,319-1-2,5,10.31,
mezcalW19-20190307-NH-S2-MbD-Moc1-N2,319-1-2,6,9.86,
mezcalW19-20190307-NH-S2-MbD-Moc1-N2,319-1-2,7,8.71,
mezcalW19-20190307-NH-S2-MbD-Moc1-N2,319-1-2,8,9.47,
mezcalW19-20190307-NH-S2-MbD-Moc1-N2,319-1-2,9,10.19,
mezcalW19-20190307-NH-S2-MbD-Moc1-N2,319-1-2,10,6.09,
mezcalW19-20190307-NH-S2-MbD-Moc1-N2,319-1-2,11,9.2,
mezcalW19-20190307-NH-S2-MbD-Moc1-N2,319-1-2,12,6.49,
mezcalW19-20190307-NH-S2-MbD-Moc1-N2,319-1-2,13,7.97,
mezcalW19-20190307-NH-S2-MbD-Moc1-N2,319-1-2,14,8.01,
mezcalW19-20190307-NH-S2-MbD-Moc1-N2,319-1-2,15,7.97,
mezcalW19-20190307-NH-S2-MbD-Moc1-N2,319-1-2,16,6.23,
mezcalW19-20190307-NH-S2-MbD-Moc1-N2,319-1-2,17,5.83,
mezcalW19-20190307-NH-S2-MbD-Moc1-N2,319-1-2,18,3.32,
,,,,
mezcalW19-20190307-NH-S2-MbD-Moc1-N4,319-1-4,1,9.21,
mezcalW19-20190307-NH-S2-MbD-Moc1-N4,319-1-4,2,9.53,
mezcalW19-20190307-NH-S2-MbD-Moc1-N4,319-1-4,3,9.51,
mezcalW19-20190307-NH-S2-MbD-Moc1-N4,319-1-4,4,8.67,
mezcalW19-20190307-NH-S2-MbD-Moc1-N4,319-1-4,5,12.53,
mezcalW19-20190307-NH-S2-MbD-Moc1-N4,319-1-4,6,10.74,
mezcalW19-20190307-NH-S2-MbD-Moc1-N4,319-1-4,7,8.97,
mezcalW19-20190307-NH-S2-MbD-Moc1-N4,319-1-4,8,8.34,
mezcalW19-20190307-NH-S2-MbD-Moc1-N4,319-1-4,9,7.27,
mezcalW19-20190307-NH-S2-MbD-Moc1-N4,319-1-4,10,8.46,
mezcalW19-20190307-NH-S2-MbD-Moc1-N4,319-1-4,11,9.24,
mezcalW19-20190307-NH-S2-MbD-Moc1-N4,319-1-4,12,11.43,
mezcalW19-20190307-NH-S2-MbD-Moc1-N4,319-1-4,13,10.18,
mezcalW19-20190307-NH-S2-MbD-Moc1-N4,319-1-4,14,10.62,
mezcalW19-20190307-NH-S2-MbD-Moc1-N4,319-1-4,15,9.96,Gut region damaged
mezcalW19-20190307-NH-S2-MbD-Moc1-N4,319-1-4,16,6.83,
mezcalW19-20190307-NH-S2-MbD-Moc1-N4,319-1-4,17,8.44,Gut region damaged
mezcalW19-20190307-NH-S2-MbD-Moc1-N4,319-1-4,18,8.31,
mezcalW19-20190307-NH-S2-MbD-Moc1-N4,319-1-4,19,7.26,Tail section damaged
mezcalW19-20190307-NH-S2-MbD-Moc1-N4,319-1-4,20,6.74,Midsection broken during measurement
mezcalW19-20190307-NH-S2-MbD-Moc1-N4,319-1-4,21,8.84,
mezcalW19-20190307-NH-S2-MbD-Moc1-N4,319-1-4,22,8.3,
mezcalW19-20190307-NH-S2-MbD-Moc1-N4,319-1-4,23,16.94,
mezcalW19-20190307-NH-S2-MbD-Moc1-N4,319-1-4,24,5.89,
mezcalW19-20190307-NH-S2-MbD-Moc1-N4,319-1-4,25,5.85,
mezcalW19-20190307-NH-S2-MbD-Moc1-N4,319-1-4,26,6.71,
mezcalW19-20190307-NH-S2-MbD-Moc1-N4,319-1-4,27,6.83,
mezcalW19-20190307-NH-S2-MbD-Moc1-N4,319-1-4,28,7.19,Gut region damaged
mezcalW19-20190307-NH-S2-MbD-Moc1-N4,319-1-4,29,6.97,
mezcalW19-20190307-NH-S2-MbD-Moc1-N4,319-1-4,30,6.11,Midsection damaged
mezcalW19-20190307-NH-S2-MbD-Moc1-N4,319-1-4,31,4.84,
mezcalW19-20190307-NH-S2-MbD-Moc1-N4,319-1-4,32,4.48,
mezcalW19-20190307-NH-S2-MbD-Moc1-N4,319-1-4,33,3.82,
mezcalW19-20190307-NH-S2-MbD-Moc1-N4,319-1-4,34,3.71,
,,,,
mezcalW19-20190307-NH-S2-MbD-Moc1-N3,319-1-3,1,10.32,
mezcalW19-20190307-NH-S2-MbD-Moc1-N3,319-1-3,2,9.57,
mezcalW19-20190307-NH-S2-MbD-Moc1-N3,319-1-3,3,5.86,
mezcalW19-20190307-NH-S2-MbD-Moc1-N3,319-1-3,4,11.78,
mezcalW19-20190307-NH-S2-MbD-Moc1-N3,319-1-3,5,10.34,
mezcalW19-20190307-NH-S2-MbD-Moc1-N3,319-1-3,6,9.96,
mezcalW19-20190307-NH-S2-MbD-Moc1-N3,319-1-3,7,8.91,
mezcalW19-20190307-NH-S2-MbD-Moc1-N3,319-1-3,8,9.31,
mezcalW19-20190307-NH-S2-MbD-Moc1-N3,319-1-3,9,10.32,
mezcalW19-20190307-NH-S2-MbD-Moc1-N3,319-1-3,10,10.95,
mezcalW19-20190307-NH-S2-MbD-Moc1-N3,319-1-3,11,10.73,
mezcalW19-20190307-NH-S2-MbD-Moc1-N3,319-1-3,12,10.16,
mezcalW19-20190307-NH-S2-MbD-Moc1-N3,319-1-3,13,5.06,
mezcalW19-20190307-NH-S2-MbD-Moc1-N3,319-1-3,14,9.73,
mezcalW19-20190307-NH-S2-MbD-Moc1-N3,319-1-3,15,9.44,Missing an eye
mezcalW19-20190307-NH-S2-MbD-Moc1-N3,319-1-3,16,10.91,
mezcalW19-20190307-NH-S2-MbD-Moc1-N3,319-1-3,17,11.16,
mezcalW19-20190307-NH-S2-MbD-Moc1-N3,319-1-3,18,8.16,
mezcalW19-20190307-NH-S2-MbD-Moc1-N3,319-1-3,19,10.28,
mezcalW19-20190307-NH-S2-MbD-Moc1-N3,319-1-3,20,7.18,
mezcalW19-20190307-NH-S2-MbD-Moc1-N3,319-1-3,21,9.85,
mezcalW19-20190307-NH-S2-MbD-Moc1-N3,319-1-3,22,8.62,
mezcalW19-20190307-NH-S2-MbD-Moc1-N3,319-1-3,23,8.89,
mezcalW19-20190307-NH-S2-MbD-Moc1-N3,319-1-3,24,8.87,
mezcalW19-20190307-NH-S2-MbD-Moc1-N3,319-1-3,25,8.15,
mezcalW19-20190307-NH-S2-MbD-Moc1-N3,319-1-3,26,7.78,
mezcalW19-20190307-NH-S2-MbD-Moc1-N3,319-1-3,27,8.13,
mezcalW19-20190307-NH-S2-MbD-Moc1-N3,319-1-3,28,7.24,
mezcalW19-20190307-NH-S2-MbD-Moc1-N3,319-1-3,29,9.38,
mezcalW19-20190307-NH-S2-MbD-Moc1-N3,319-1-3,30,6.36,
mezcalW19-20190307-NH-S2-MbD-Moc1-N3,319-1-3,31,5.05,Measurement likely inaccurate; body segmented
mezcalW19-20190307-NH-S2-MbD-Moc1-N3,319-1-3,32,8.5,
mezcalW19-20190307-NH-S2-MbD-Moc1-N3,319-1-3,33,7.92,
mezcalW19-20190307-NH-S2-MbD-Moc1-N3,319-1-3,34,7.65,
mezcalW19-20190307-NH-S2-MbD-Moc1-N3,319-1-3,35,9.02,
mezcalW19-20190307-NH-S2-MbD-Moc1-N3,319-1-3,36,8.88,
mezcalW19-20190307-NH-S2-MbD-Moc1-N3,319-1-3,37,8.59,
mezcalW19-20190307-NH-S2-MbD-Moc1-N3,319-1-3,38,8.55,
mezcalW19-20190307-NH-S2-MbD-Moc1-N3,319-1-3,39,7.93,
mezcalW19-20190307-NH-S2-MbD-Moc1-N3,319-1-3,40,6.69,
mezcalW19-20190307-NH-S2-MbD-Moc1-N3,319-1-3,41,5.18,
mezcalW19-20190307-NH-S2-MbD-Moc1-N3,319-1-3,42,7.92,
mezcalW19-20190307-NH-S2-MbD-Moc1-N3,319-1-3,43,8.54,
mezcalW19-20190307-NH-S2-MbD-Moc1-N3,319-1-3,44,6.63,
mezcalW19-20190307-NH-S2-MbD-Moc1-N3,319-1-3,45,6.81,
mezcalW19-20190307-NH-S2-MbD-Moc1-N3,319-1-3,46,6.23,Midsection partially broken
mezcalW19-20190307-NH-S2-MbD-Moc1-N3,319-1-3,47,5.69,
mezcalW19-20190307-NH-S2-MbD-Moc1-N3,319-1-3,48,6.19,
mezcalW19-20190307-NH-S2-MbD-Moc1-N3,319-1-3,49,7.32,
mezcalW19-20190307-NH-S2-MbD-Moc1-N3,319-1-3,50,6.24,
,,,,
mezcalW19-20190307-NH-S3-MbD-Moc1-N2,318-1-2,1,6.56,
mezcalW19-20190307-NH-S3-MbD-Moc1-N2,318-1-2,2,3.62,
,,,,
mezcalW19-20190307-NH-S3-MbD-Moc1-N4,318-1-4,1,6.56,
mezcalW19-20190307-NH-S3-MbD-Moc1-N4,318-1-4,2,3.62,
,,,,
mezcalW19-20190307-NH-S3-MbD-Moc4-N1,318-4-1,1,10.01,
,,,,
mezcalW19-20190307-NH-S3-MbD-Moc4-N4,318-4-4,1,14.67,Body disintegrated
mezcalW19-20190307-NH-S3-MbD-Moc4-N4,318-4-4,2,13.54,Body disintegrated
mezcalW19-20190307-NH-S3-MbD-Moc4-N4,318-4-4,3,10.12,
,,,,
mezcalW19-20190307-NH-S3-MbD-Moc4-N2,318-4-2,1,9.77,
mezcalW19-20190307-NH-S3-MbD-Moc4-N2,318-4-2,2,9.75,
,,,,
mezcalW19-20190307-NH-S3-MbD-Moc4-N3,318-4-3,1,11.53,
,,,,
mezcalW19-20190307-NH-S1-MbD-Moc4-N3,320-4-3,1,7.21,
mezcalW19-20190307-NH-S1-MbD-Moc4-N3,320-4-3,2,5.52,
mezcalW19-20190307-NH-S1-MbD-Moc4-N3,320-4-3,3,9.71,
mezcalW19-20190307-NH-S1-MbD-Moc4-N3,320-4-3,4,11.81,
mezcalW19-20190307-NH-S1-MbD-Moc4-N3,320-4-3,5,14.41,Gut region not present
mezcalW19-20190307-NH-S1-MbD-Moc4-N3,320-4-3,6,15.89,
,,,,
mezcalW19-20190307-NH-S1-MbD-Moc1-N3,320-1-3,1,12,
mezcalW19-20190307-NH-S1-MbD-Moc1-N3,320-1-3,2,10.61,
mezcalW19-20190307-NH-S1-MbD-Moc1-N3,320-1-3,3,11.35,
mezcalW19-20190307-NH-S1-MbD-Moc1-N3,320-1-3,4,11.91,
mezcalW19-20190307-NH-S1-MbD-Moc1-N3,320-1-3,5,8.42,"Gut region and head damaged, missing both eyes"
mezcalW19-20190307-NH-S1-MbD-Moc1-N3,320-1-3,6,11.82,
mezcalW19-20190307-NH-S1-MbD-Moc1-N3,320-1-3,7,11.37,
mezcalW19-20190307-NH-S1-MbD-Moc1-N3,320-1-3,8,12.82,
mezcalW19-20190307-NH-S1-MbD-Moc1-N3,320-1-3,9,11.25,
mezcalW19-20190307-NH-S1-MbD-Moc1-N3,320-1-3,10,9.36,
mezcalW19-20190307-NH-S1-MbD-Moc1-N3,320-1-3,11,12.67,
mezcalW19-20190307-NH-S1-MbD-Moc1-N3,320-1-3,12,14.71,
mezcalW19-20190307-NH-S1-MbD-Moc1-N3,320-1-3,13,3.65,
mezcalW19-20190307-NH-S1-MbD-Moc1-N3,320-1-3,14,3.11,
,,,,
mezcalW19-20190305-NH-S3-MaD-Moc4-N3,308-4-3,1,9.31,
mezcalW19-20190305-NH-S3-MaD-Moc4-N3,308-4-3,2,9.77,
mezcalW19-20190305-NH-S3-MaD-Moc4-N3,308-4-3,3,10.46,
,,,,
mezcalW19-20190305-NH-S3-MaD-Moc4-N4,308-4-4,1,8.4,
mezcalW19-20190305-NH-S3-MaD-Moc4-N4,308-4-4,2,9.42,
mezcalW19-20190305-NH-S3-MaD-Moc4-N4,308-4-4,3,10.79,
mezcalW19-20190305-NH-S3-MaD-Moc4-N4,308-4-4,4,10.44,
mezcalW19-20190305-NH-S3-MaD-Moc4-N4,308-4-4,5,9.74,
mezcalW19-20190305-NH-S3-MaD-Moc4-N4,308-4-4,6,8.2,
mezcalW19-20190305-NH-S3-MaD-Moc4-N4,308-4-4,7,7.65,
mezcalW19-20190305-NH-S3-MaD-Moc4-N4,308-4-4,8,11.05,
mezcalW19-20190305-NH-S3-MaD-Moc4-N4,308-4-4,9,10.65,
,,,,
mezcalW19-20190305-NH-S3-MaD-Moc1-N4,308-1-4,1,3.63,
mezcalW19-20190305-NH-S3-MaD-Moc1-N4,308-1-4,2,4.46,
mezcalW19-20190305-NH-S3-MaD-Moc1-N4,308-1-4,3,6.07,
mezcalW19-20190305-NH-S3-MaD-Moc1-N4,308-1-4,4,8.61,Tail section partially broken
mezcalW19-20190305-NH-S3-MaD-Moc1-N4,308-1-4,5,5.7,
mezcalW19-20190305-NH-S3-MaD-Moc1-N4,308-1-4,6,10.41,
mezcalW19-20190305-NH-S3-MaD-Moc1-N4,308-1-4,7,10.16,
,,,,
mezcalW19-20190305-NH-S3-MaD-Moc1-N3,308-1-3,1,11.6,
,,,,
mezcalW19-20190305-NH-S3-MaD-Moc4-N2,308-4-2,1,11.02,
,,,,
mezcalW19-20190305-NH-S2-MaD-Moc1-N2,309-1-2,1,4.36,
,,,,
mezcalW19-20190305-NH-S2-MaD-Moc1-N3,309-1-3,1,9.49,
mezcalW19-20190305-NH-S2-MaD-Moc1-N3,309-1-3,2,5.22,
mezcalW19-20190305-NH-S2-MaD-Moc1-N3,309-1-3,3,8.55,
,,,,
mezcalW19-20190305-NH-S2-MaD-Moc1-N4,309-1-4,1,7.61,
mezcalW19-20190305-NH-S2-MaD-Moc1-N4,309-1-4,2,3.78,"Head damaged, missing both eyes"
mezcalW19-20190305-NH-S2-MaD-Moc1-N4,309-1-4,3,4.29,
mezcalW19-20190305-NH-S2-MaD-Moc1-N4,309-1-4,4,8.6,
mezcalW19-20190305-NH-S2-MaD-Moc1-N4,309-1-4,5,8.45,
mezcalW19-20190305-NH-S2-MaD-Moc1-N4,309-1-4,6,11.45,Measurement inaccurate; segment of body missing
mezcalW19-20190305-NH-S2-MaD-Moc1-N4,309-1-4,7,4.06,
mezcalW19-20190305-NH-S2-MaD-Moc1-N4,309-1-4,8,4.43,
mezcalW19-20190305-NH-S2-MaD-Moc1-N4,309-1-4,9,11.28,
,,,,
mezcalW19-20190305-NH-S2-MaD-Moc4-N3,309-4-3,1,8.7,
mezcalW19-20190305-NH-S2-MaD-Moc4-N3,309-4-3,2,8.56,
mezcalW19-20190305-NH-S2-MaD-Moc4-N3,309-4-3,3,8.73,
mezcalW19-20190305-NH-S2-MaD-Moc4-N3,309-4-3,4,11.41,Gut region not present
mezcalW19-20190305-NH-S2-MaD-Moc4-N3,309-4-3,5,9.73,
mezcalW19-20190305-NH-S2-MaD-Moc4-N3,309-4-3,6,9.36,
mezcalW19-20190305-NH-S2-MaD-Moc4-N3,309-4-3,7,8.73,
mezcalW19-20190305-NH-S2-MaD-Moc4-N3,309-4-3,8,12.32,"Measurement inaccurate; head detached from body, gut region not present"
mezcalW19-20190305-NH-S2-MaD-Moc4-N3,309-4-3,9,9.43,
mezcalW19-20190305-NH-S2-MaD-Moc4-N3,309-4-3,10,10.4,
mezcalW19-20190305-NH-S2-MaD-Moc4-N3,309-4-3,11,8.5,
mezcalW19-20190305-NH-S2-MaD-Moc4-N3,309-4-3,12,13.2,
mezcalW19-20190305-NH-S2-MaD-Moc4-N3,309-4-3,13,8.5,
mezcalW19-20190305-NH-S2-MaD-Moc4-N3,309-4-3,14,14,
,,,,
mezcalW19-20190305-NH-S2-MaD-Moc4-N4,309-4-4,1,8.26,
mezcalW19-20190305-NH-S2-MaD-Moc4-N4,309-4-4,2,8.46,Measurement inaccurate; head detached from body
mezcalW19-20190305-NH-S2-MaD-Moc4-N4,309-4-4,3,13,Gut region not present
mezcalW19-20190305-NH-S2-MaD-Moc4-N4,309-4-4,4,14.12,Gut region not present
mezcalW19-20190305-NH-S2-MaD-Moc4-N4,309-4-4,5,10.55,
mezcalW19-20190305-NH-S2-MaD-Moc4-N4,309-4-4,6,8.83,
mezcalW19-20190305-NH-S2-MaD-Moc4-N4,309-4-4,7,9.79,
mezcalW19-20190305-NH-S2-MaD-Moc4-N4,309-4-4,8,9.98,
mezcalW19-20190305-NH-S2-MaD-Moc4-N4,309-4-4,9,10.19,
mezcalW19-20190305-NH-S2-MaD-Moc4-N4,309-4-4,10,10.27,
mezcalW19-20190305-NH-S2-MaD-Moc4-N4,309-4-4,11,9.27,
mezcalW19-20190305-NH-S2-MaD-Moc4-N4,309-4-4,12,9.68,
mezcalW19-20190305-NH-S2-MaD-Moc4-N4,309-4-4,13,8.49,
mezcalW19-20190305-NH-S2-MaD-Moc4-N4,309-4-4,14,9.38,
mezcalW19-20190305-NH-S2-MaD-Moc4-N4,309-4-4,15,11.06,
mezcalW19-20190305-NH-S2-MaD-Moc4-N4,309-4-4,16,11.09,
mezcalW19-20190305-NH-S2-MaD-Moc4-N4,309-4-4,17,11.12,
mezcalW19-20190305-NH-S2-MaD-Moc4-N4,309-4-4,18,11.46,
mezcalW19-20190305-NH-S2-MaD-Moc4-N4,309-4-4,19,13.07,
,,,,
mezcalW19-20190307-NH-S1-MbD-Moc1-N4,320-1-4,1,7.08,
mezcalW19-20190307-NH-S1-MbD-Moc1-N4,320-1-4,2,7.78,
mezcalW19-20190307-NH-S1-MbD-Moc1-N4,320-1-4,3,8.1,
mezcalW19-20190307-NH-S1-MbD-Moc1-N4,320-1-4,4,8.73,
mezcalW19-20190307-NH-S1-MbD-Moc1-N4,320-1-4,5,9.39,
mezcalW19-20190307-NH-S1-MbD-Moc1-N4,320-1-4,6,7.69,
mezcalW19-20190307-NH-S1-MbD-Moc1-N4,320-1-4,7,10.81,
mezcalW19-20190307-NH-S1-MbD-Moc1-N4,320-1-4,8,9.24,
mezcalW19-20190307-NH-S1-MbD-Moc1-N4,320-1-4,9,8.31,
mezcalW19-20190307-NH-S1-MbD-Moc1-N4,320-1-4,10,5.28,
mezcalW19-20190307-NH-S1-MbD-Moc1-N4,320-1-4,11,2.42,
mezcalW19-20190307-NH-S1-MbD-Moc1-N4,320-1-4,12,10.3,
mezcalW19-20190307-NH-S1-MbD-Moc1-N4,320-1-4,13,5.84,
mezcalW19-20190307-NH-S1-MbD-Moc1-N4,320-1-4,14,4.48,
mezcalW19-20190307-NH-S1-MbD-Moc1-N4,320-1-4,15,8.76,
mezcalW19-20190307-NH-S1-MbD-Moc1-N4,320-1-4,16,6.31,
mezcalW19-20190307-NH-S1-MbD-Moc1-N4,320-1-4,17,7.43,
mezcalW19-20190307-NH-S1-MbD-Moc1-N4,320-1-4,18,9.43,
mezcalW19-20190307-NH-S1-MbD-Moc1-N4,320-1-4,19,5.52,
mezcalW19-20190307-NH-S1-MbD-Moc1-N4,320-1-4,20,5.28,
mezcalW19-20190307-NH-S1-MbD-Moc1-N4,320-1-4,21,8.46,
mezcalW19-20190307-NH-S1-MbD-Moc1-N4,320-1-4,22,5.61,
mezcalW19-20190307-NH-S1-MbD-Moc1-N4,320-1-4,23,8.61,
mezcalW19-20190307-NH-S1-MbD-Moc1-N4,320-1-4,24,2.68,
mezcalW19-20190307-NH-S1-MbD-Moc1-N4,320-1-4,25,4.06,
mezcalW19-20190307-NH-S1-MbD-Moc1-N4,320-1-4,26,8.24,
mezcalW19-20190307-NH-S1-MbD-Moc1-N4,320-1-4,27,5.04,
mezcalW19-20190307-NH-S1-MbD-Moc1-N4,320-1-4,28,15.66,
mezcalW19-20190307-NH-S1-MbD-Moc1-N4,320-1-4,29,4.86,
mezcalW19-20190307-NH-S1-MbD-Moc1-N4,320-1-4,30,1.83,
mezcalW19-20190307-NH-S1-MbD-Moc1-N4,320-1-4,31,2.15,
mezcalW19-20190307-NH-S1-MbD-Moc1-N4,320-1-4,32,1.8,
,,,,
mezcalW19-20190305-NH-S1-MaD-Moc1-N3,310-1-3,1,10.36,
mezcalW19-20190305-NH-S1-MaD-Moc1-N3,310-1-3,2,11.17,
mezcalW19-20190305-NH-S1-MaD-Moc1-N3,310-1-3,3,17.59,
,,,,
mezcalW19-20190305-NH-S1-MaD-Moc1-N4,310-1-4,1,10.25,
mezcalW19-20190305-NH-S1-MaD-Moc1-N4,310-1-4,2,6.67,
mezcalW19-20190305-NH-S1-MaD-Moc1-N4,310-1-4,3,5.87,
mezcalW19-20190305-NH-S1-MaD-Moc1-N4,310-1-4,4,8.38,
mezcalW19-20190305-NH-S1-MaD-Moc1-N4,310-1-4,5,8.08,
mezcalW19-20190305-NH-S1-MaD-Moc1-N4,310-1-4,6,9,
mezcalW19-20190305-NH-S1-MaD-Moc1-N4,310-1-4,7,9.18,
mezcalW19-20190305-NH-S1-MaD-Moc1-N4,310-1-4,8,4.82,
mezcalW19-20190305-NH-S1-MaD-Moc1-N4,310-1-4,9,9.06,
mezcalW19-20190305-NH-S1-MaD-Moc1-N4,310-1-4,10,10.48,
mezcalW19-20190305-NH-S1-MaD-Moc1-N4,310-1-4,11,9.68,
mezcalW19-20190305-NH-S1-MaD-Moc1-N4,310-1-4,12,10.54,
mezcalW19-20190305-NH-S1-MaD-Moc1-N4,310-1-4,13,12.32,
,,,,
mezcalW19-20190305-NH-S1-MaD-Moc4-N3,310-4-3,1,10.21,
mezcalW19-20190305-NH-S1-MaD-Moc4-N3,310-4-3,2,8.68,
mezcalW19-20190305-NH-S1-MaD-Moc4-N3,310-4-3,3,12.28,
mezcalW19-20190305-NH-S1-MaD-Moc4-N3,310-4-3,4,7.55,
mezcalW19-20190305-NH-S1-MaD-Moc4-N3,310-4-3,5,11.33,
mezcalW19-20190305-NH-S1-MaD-Moc4-N3,310-4-3,6,9.98,
mezcalW19-20190305-NH-S1-MaD-Moc4-N3,310-4-3,7,10.95,
mezcalW19-20190305-NH-S1-MaD-Moc4-N3,310-4-3,8,11.69,
mezcalW19-20190305-NH-S1-MaD-Moc4-N3,310-4-3,9,13.84,
mezcalW19-20190305-NH-S1-MaD-Moc4-N3,310-4-3,10,13.34,
mezcalW19-20190305-NH-S1-MaD-Moc4-N3,310-4-3,11,14.7,
,,,,
mezcalW19-20190307-NH-S4-MbD-Moc1-N3,317-1-3,1,2.49,"Missing both eyes, tail broken during measurement"
,,,,
mezcalW19-20190307-NH-S4-MbD-Moc1-N1,317-1-1,1,5.47,
,,,,
mezcalW19-20190307-NH-S4-MbD-Moc1-N4,317-1-4,1,5.89,Tail section partially broken
mezcalW19-20190307-NH-S4-MbD-Moc1-N4,317-1-4,2,4.41,
mezcalW19-20190307-NH-S4-MbD-Moc1-N4,317-1-4,3,5.31,Chunk of tail section missing
,,,,
mezcalW19-20190307-NH-S4-MbD-Moc4-N3,317-4-3,1,7.42,
mezcalW19-20190307-NH-S4-MbD-Moc4-N3,317-4-3,2,8.22,
,,,,
mezcalW19-20190305-NH-S4-MaD-Moc1-N4,307-1-4,1,4.34,
mezcalW19-20190305-NH-S4-MaD-Moc1-N4,307-1-4,2,3.82,
mezcalW19-20190305-NH-S4-MaD-Moc1-N4,307-1-4,3,3.33,
mezcalW19-20190305-NH-S4-MaD-Moc1-N4,307-1-4,4,3.34,
mezcalW19-20190305-NH-S4-MaD-Moc1-N4,307-1-4,5,3.45,
,,,,
mezcalW19-20190305-NH-S4-MaD-Moc4-N4,307-4-4,1,7.79,
mezcalW19-20190305-NH-S4-MaD-Moc4-N4,307-4-4,2,8.07,
mezcalW19-20190305-NH-S4-MaD-Moc4-N4,307-4-4,3,7.98,
mezcalW19-20190305-NH-S4-MaD-Moc4-N4,307-4-4,4,9.01,
mezcalW19-20190305-NH-S4-MaD-Moc4-N4,307-4-4,5,10.2,
mezcalW19-20190305-NH-S4-MaD-Moc4-N4,307-4-4,6,12.27,
,,,,
mezcalW19-20190305-NH-S1-MaD-Moc4-N4,310-4-4,1,10.33,
mezcalW19-20190305-NH-S1-MaD-Moc4-N4,310-4-4,2,10.14,
mezcalW19-20190305-NH-S1-MaD-Moc4-N4,310-4-4,3,8.96,
mezcalW19-20190305-NH-S1-MaD-Moc4-N4,310-4-4,4,10.45,
mezcalW19-20190305-NH-S1-MaD-Moc4-N4,310-4-4,5,10.97,
mezcalW19-20190305-NH-S1-MaD-Moc4-N4,310-4-4,6,8.23,
mezcalW19-20190305-NH-S1-MaD-Moc4-N4,310-4-4,7,9.55,
mezcalW19-20190305-NH-S1-MaD-Moc4-N4,310-4-4,8,10.93,
mezcalW19-20190305-NH-S1-MaD-Moc4-N4,310-4-4,9,7.82,
mezcalW19-20190305-NH-S1-MaD-Moc4-N4,310-4-4,10,9.41,
mezcalW19-20190305-NH-S1-MaD-Moc4-N4,310-4-4,11,11.44,
mezcalW19-20190305-NH-S1-MaD-Moc4-N4,310-4-4,12,12.29,
mezcalW19-20190305-NH-S1-MaD-Moc4-N4,310-4-4,13,10.3,Head partially broken
mezcalW19-20190305-NH-S1-MaD-Moc4-N4,310-4-4,14,8.97,
mezcalW19-20190305-NH-S1-MaD-Moc4-N4,310-4-4,15,10.37,
mezcalW19-20190305-NH-S1-MaD-Moc4-N4,310-4-4,16,11.22,
mezcalW19-20190305-NH-S1-MaD-Moc4-N4,310-4-4,17,10.38,
mezcalW19-20190305-NH-S1-MaD-Moc4-N4,310-4-4,18,11.63,
mezcalW19-20190305-NH-S1-MaD-Moc4-N4,310-4-4,19,11.41,
mezcalW19-20190305-NH-S1-MaD-Moc4-N4,310-4-4,20,10.25,
mezcalW19-20190305-NH-S1-MaD-Moc4-N4,310-4-4,21,12.33,
mezcalW19-20190305-NH-S1-MaD-Moc4-N4,310-4-4,22,10.77,
mezcalW19-20190305-NH-S1-MaD-Moc4-N4,310-4-4,23,11.21,
mezcalW19-20190305-NH-S1-MaD-Moc4-N4,310-4-4,24,8.64,
mezcalW19-20190305-NH-S1-MaD-Moc4-N4,310-4-4,25,10.99,
mezcalW19-20190305-NH-S1-MaD-Moc4-N4,310-4-4,26,10.48,
mezcalW19-20190305-NH-S1-MaD-Moc4-N4,310-4-4,27,8.69,
mezcalW19-20190305-NH-S1-MaD-Moc4-N4,310-4-4,28,9.58,
mezcalW19-20190305-NH-S1-MaD-Moc4-N4,310-4-4,29,11.78,
mezcalW19-20190305-NH-S1-MaD-Moc4-N4,310-4-4,30,7.61,
mezcalW19-20190305-NH-S1-MaD-Moc4-N4,310-4-4,31,13.28,
mezcalW19-20190305-NH-S1-MaD-Moc4-N4,310-4-4,32,10.67,
mezcalW19-20190305-NH-S1-MaD-Moc4-N4,310-4-4,33,6.81,Measurement inaccurate; tail section missing
mezcalW19-20190305-NH-S1-MaD-Moc4-N4,310-4-4,34,11.03,
mezcalW19-20190305-NH-S1-MaD-Moc4-N4,310-4-4,35,11.22,
mezcalW19-20190305-NH-S1-MaD-Moc4-N4,310-4-4,36,10.79,Measurement may be inaccurate; head severely damaged
mezcalW19-20190305-NH-S1-MaD-Moc4-N4,310-4-4,37,12.48,
mezcalW19-20190305-NH-S1-MaD-Moc4-N4,310-4-4,38,9.66,
mezcalW19-20190305-NH-S1-MaD-Moc4-N4,310-4-4,39,9.37,
mezcalW19-20190305-NH-S1-MaD-Moc4-N4,310-4-4,40,9.06,
mezcalW19-20190305-NH-S1-MaD-Moc4-N4,310-4-4,41,8.94,
mezcalW19-20190305-NH-S1-MaD-Moc4-N4,310-4-4,42,13.97,
mezcalW19-20190305-NH-S1-MaD-Moc4-N4,310-4-4,43,10.4,
mezcalW19-20190305-NH-S1-MaD-Moc4-N4,310-4-4,44,10.79,Tail section partially broken
mezcalW19-20190305-NH-S1-MaD-Moc4-N4,310-4-4,45,8.09,
mezcalW19-20190305-NH-S1-MaD-Moc4-N4,310-4-4,46,11.82,Head and gut region damaged
mezcalW19-20190305-NH-S1-MaD-Moc4-N4,310-4-4,47,10.41,
mezcalW19-20190305-NH-S1-MaD-Moc4-N4,310-4-4,48,12.8,
mezcalW19-20190305-NH-S1-MaD-Moc4-N4,310-4-4,49,14.71,
mezcalW19-20190305-NH-S1-MaD-Moc4-N4,310-4-4,50,9.04,
mezcalW19-20190305-NH-S1-MaD-Moc4-N4,310-4-4,51,10.86,
mezcalW19-20190305-NH-S1-MaD-Moc4-N4,310-4-4,52,8.16,
mezcalW19-20190305-NH-S1-MaD-Moc4-N4,310-4-4,53,10.41,
mezcalW19-20190305-NH-S1-MaD-Moc4-N4,310-4-4,54,9.38,
mezcalW19-20190305-NH-S1-MaD-Moc4-N4,310-4-4,55,8.18,
mezcalW19-20190305-NH-S1-MaD-Moc4-N4,310-4-4,56,9.46,
mezcalW19-20190305-NH-S1-MaD-Moc4-N4,310-4-4,57,10.21,Tail section partially broken
mezcalW19-20190305-NH-S1-MaD-Moc4-N4,310-4-4,58,6.03,
mezcalW19-20190305-NH-S1-MaD-Moc4-N4,310-4-4,59,10.5,
mezcalW19-20190305-NH-S1-MaD-Moc4-N4,310-4-4,60,10.32,
mezcalW19-20190305-NH-S1-MaD-Moc4-N4,310-4-4,61,9.26,
mezcalW19-20190305-NH-S1-MaD-Moc4-N4,310-4-4,62,10.65,Head slightly damaged
mezcalW19-20190305-NH-S1-MaD-Moc4-N4,310-4-4,63,10.46,
mezcalW19-20190305-NH-S1-MaD-Moc4-N4,310-4-4,64,9.58,
mezcalW19-20190305-NH-S1-MaD-Moc4-N4,310-4-4,65,6.97,
mezcalW19-20190305-NH-S1-MaD-Moc4-N4,310-4-4,66,10.39,
mezcalW19-20190305-NH-S1-MaD-Moc4-N4,310-4-4,67,10.16,
mezcalW19-20190305-NH-S1-MaD-Moc4-N4,310-4-4,68,13.4,Gut region missing
mezcalW19-20190305-NH-S1-MaD-Moc4-N4,310-4-4,69,9.47,
mezcalW19-20190305-NH-S1-MaD-Moc4-N4,310-4-4,70,14.73,Gut region missing
mezcalW19-20190305-NH-S1-MaD-Moc4-N4,310-4-4,71,10.62,
mezcalW19-20190305-NH-S1-MaD-Moc4-N4,310-4-4,72,10.8,
mezcalW19-20190305-NH-S1-MaD-Moc4-N4,310-4-4,73,8.91,
mezcalW19-20190305-NH-S1-MaD-Moc4-N4,310-4-4,74,6.3,
mezcalW19-20190305-NH-S1-MaD-Moc4-N4,310-4-4,75,12.75,Measurement inaccurate; tail section detached from body
mezcalW19-20190305-NH-S1-MaD-Moc4-N4,310-4-4,76,10.74,
mezcalW19-20190305-NH-S1-MaD-Moc4-N4,310-4-4,77,9.03,
mezcalW19-20190305-NH-S1-MaD-Moc4-N4,310-4-4,78,9.96,Chunk of gut missing
mezcalW19-20190305-NH-S1-MaD-Moc4-N4,310-4-4,79,8.89,
mezcalW19-20190305-NH-S1-MaD-Moc4-N4,310-4-4,80,10.09,
mezcalW19-20190305-NH-S1-MaD-Moc4-N4,310-4-4,81,6.34,
mezcalW19-20190305-NH-S1-MaD-Moc4-N4,310-4-4,82,10.33,Measurement likely inaccurate; head partially detached
mezcalW19-20190305-NH-S1-MaD-Moc4-N4,310-4-4,83,10.37,
mezcalW19-20190305-NH-S1-MaD-Moc4-N4,310-4-4,84,5.72,
mezcalW19-20190305-NH-S1-MaD-Moc4-N4,310-4-4,85,10.83,
mezcalW19-20190305-NH-S1-MaD-Moc4-N4,310-4-4,86,12.16,
mezcalW19-20190305-NH-S1-MaD-Moc4-N4,310-4-4,87,9.4,
mezcalW19-20190305-NH-S1-MaD-Moc4-N4,310-4-4,88,8.24,
mezcalW19-20190305-NH-S1-MaD-Moc4-N4,310-4-4,89,8.99,
mezcalW19-20190305-NH-S1-MaD-Moc4-N4,310-4-4,90,7.8,
mezcalW19-20190305-NH-S1-MaD-Moc4-N4,310-4-4,91,11.05,
mezcalW19-20190305-NH-S1-MaD-Moc4-N4,310-4-4,92,11.75,
mezcalW19-20190305-NH-S1-MaD-Moc4-N4,310-4-4,93,13.21,
mezcalW19-20190305-NH-S1-MaD-Moc4-N4,310-4-4,94,9.93,
mezcalW19-20190305-NH-S1-MaD-Moc4-N4,310-4-4,95,7.65,
mezcalW19-20190305-NH-S1-MaD-Moc4-N4,310-4-4,96,7.8,
mezcalW19-20190305-NH-S1-MaD-Moc4-N4,310-4-4,97,8.14,
mezcalW19-20190305-NH-S1-MaD-Moc4-N4,310-4-4,98,11.28,
mezcalW19-20190305-NH-S1-MaD-Moc4-N4,310-4-4,99,11.58,Chunk of underside missing
mezcalW19-20190305-NH-S1-MaD-Moc4-N4,310-4-4,100,8.91,
mezcalW19-20190305-NH-S1-MaD-Moc4-N4,310-4-4,101,6.79,Body damaged and disintegrated
mezcalW19-20190305-NH-S1-MaD-Moc4-N4,310-4-4,102,8.14,
mezcalW19-20190305-NH-S1-MaD-Moc4-N4,310-4-4,103,9.3,
mezcalW19-20190305-NH-S1-MaD-Moc4-N4,310-4-4,104,5.84,
mezcalW19-20190305-NH-S1-MaD-Moc4-N4,310-4-4,105,8.9,
mezcalW19-20190305-NH-S1-MaD-Moc4-N4,310-4-4,106,8.89,
mezcalW19-20190305-NH-S1-MaD-Moc4-N4,310-4-4,107,8.17,
mezcalW19-20190305-NH-S1-MaD-Moc4-N4,310-4-4,108,8.27,
mezcalW19-20190305-NH-S1-MaD-Moc4-N4,310-4-4,109,4.98,
mezcalW19-20190305-NH-S1-MaD-Moc4-N4,310-4-4,110,3.7,Measurement inaccurate; tail missing
mezcalW19-20190305-NH-S1-MaD-Moc4-N4,310-4-4,111,4.98,
mezcalW19-20190305-NH-S1-MaD-Moc4-N4,310-4-4,112,6.93,
mezcalW19-20190305-NH-S1-MaD-Moc4-N4,310-4-4,113,7.7,
mezcalW19-20190305-NH-S1-MaD-Moc4-N4,310-4-4,114,6.87,Measurement inaccurate; tail section detached
mezcalW19-20190305-NH-S1-MaD-Moc4-N4,310-4-4,115,6.04,
mezcalW19-20190305-NH-S1-MaD-Moc4-N4,310-4-4,116,4.01,
mezcalW19-20190305-NH-S1-MaD-Moc4-N4,310-4-4,117,5,
,,,,
mezcalW19-20190307-NH-S1-MbD-Moc4-N4,320-4-4,1,6.13,
mezcalW19-20190307-NH-S1-MbD-Moc4-N4,320-4-4,2,17.55,post-flexion
mezcalW19-20190307-NH-S1-MbD-Moc4-N4,320-4-4,3,13.89,post-flexion
mezcalW19-20190307-NH-S1-MbD-Moc4-N4,320-4-4,4,15.64,post-flexion
mezcalW19-20190307-NH-S1-MbD-Moc4-N4,320-4-4,5,15.9,post-flexion
mezcalW19-20190307-NH-S1-MbD-Moc4-N4,320-4-4,6,18.45,post-flexion
mezcalW19-20190307-NH-S1-MbD-Moc4-N4,320-4-4,7,16.09,post-flexion
mezcalW19-20190307-NH-S1-MbD-Moc4-N4,320-4-4,8,18.38,post-flexion
mezcalW19-20190307-NH-S1-MbD-Moc4-N4,320-4-4,9,11.96,post-flexion
mezcalW19-20190307-NH-S1-MbD-Moc4-N4,320-4-4,10,9.54,post-flexion
mezcalW19-20190307-NH-S1-MbD-Moc4-N4,320-4-4,11,9.5,post-flexion
mezcalW19-20190307-NH-S1-MbD-Moc4-N4,320-4-4,12,11.75,post-flexion
mezcalW19-20190307-NH-S1-MbD-Moc4-N4,320-4-4,13,8.07,flexion
mezcalW19-20190307-NH-S1-MbD-Moc4-N4,320-4-4,14,9.28,flexion
mezcalW19-20190307-NH-S1-MbD-Moc4-N4,320-4-4,15,11.96,post-flexion
mezcalW19-20190307-NH-S1-MbD-Moc4-N4,320-4-4,16,8.14,flexion
mezcalW19-20190307-NH-S1-MbD-Moc4-N4,320-4-4,17,8.79,flexion
mezcalW19-20190307-NH-S1-MbD-Moc4-N4,320-4-4,18,11.04,post-flexion
mezcalW19-20190307-NH-S1-MbD-Moc4-N4,320-4-4,19,8.96,
mezcalW19-20190307-NH-S1-MbD-Moc4-N4,320-4-4,20,9.76,post-flexion
mezcalW19-20190307-NH-S1-MbD-Moc4-N4,320-4-4,21,8.84,
mezcalW19-20190307-NH-S1-MbD-Moc4-N4,320-4-4,22,10.38,post-flexion
mezcalW19-20190307-NH-S1-MbD-Moc4-N4,320-4-4,23,7.86,
mezcalW19-20190307-NH-S1-MbD-Moc4-N4,320-4-4,24,10.33,post-flexion
mezcalW19-20190307-NH-S1-MbD-Moc4-N4,320-4-4,25,9.87,post-flexion
mezcalW19-20190307-NH-S1-MbD-Moc4-N4,320-4-4,26,8.16,post-flexion
mezcalW19-20190307-NH-S1-MbD-Moc4-N4,320-4-4,27,13.35,post-flexion
mezcalW19-20190307-NH-S1-MbD-Moc4-N4,320-4-4,28,8.61,post-flexion
mezcalW19-20190307-NH-S1-MbD-Moc4-N4,320-4-4,29,7.34,
mezcalW19-20190307-NH-S1-MbD-Moc4-N4,320-4-4,30,8.56,post-flexion
mezcalW19-20190307-NH-S1-MbD-Moc4-N4,320-4-4,31,8.04,
mezcalW19-20190307-NH-S1-MbD-Moc4-N4,320-4-4,32,9.62,post-flexion
mezcalW19-20190307-NH-S1-MbD-Moc4-N4,320-4-4,33,9.05,post-flexion
mezcalW19-20190307-NH-S1-MbD-Moc4-N4,320-4-4,34,8.09,post-flexion
mezcalW19-20190307-NH-S1-MbD-Moc4-N4,320-4-4,35,10.84,post-flexion
mezcalW19-20190307-NH-S1-MbD-Moc4-N4,320-4-4,36,11.22,post-flexion
mezcalW19-20190307-NH-S1-MbD-Moc4-N4,320-4-4,37,7.56,
mezcalW19-20190307-NH-S1-MbD-Moc4-N4,320-4-4,38,9.12,flexion
mezcalW19-20190307-NH-S1-MbD-Moc4-N4,320-4-4,39,8.6,post-flexion
mezcalW19-20190307-NH-S1-MbD-Moc4-N4,320-4-4,40,9.59,post-flexion
mezcalW19-20190307-NH-S1-MbD-Moc4-N4,320-4-4,41,9.12,post-flexion
mezcalW19-20190307-NH-S1-MbD-Moc4-N4,320-4-4,42,8.74,post-flexion
mezcalW19-20190307-NH-S1-MbD-Moc4-N4,320-4-4,43,9.36,post-flexion
mezcalW19-20190307-NH-S1-MbD-Moc4-N4,320-4-4,44,9.42,post-flexion
mezcalW19-20190307-NH-S1-MbD-Moc4-N4,320-4-4,45,9.61,post-flexion
mezcalW19-20190307-NH-S1-MbD-Moc4-N4,320-4-4,46,7.92,
mezcalW19-20190307-NH-S1-MbD-Moc4-N4,320-4-4,47,7.42,post-flexion
mezcalW19-20190307-NH-S1-MbD-Moc4-N4,320-4-4,48,8.2,post-flexion
mezcalW19-20190307-NH-S1-MbD-Moc4-N4,320-4-4,49,10.94,post-flexion
mezcalW19-20190307-NH-S1-MbD-Moc4-N4,320-4-4,50,11.05,post-flexion
mezcalW19-20190307-NH-S1-MbD-Moc4-N4,320-4-4,51,9.64,post-flexion
mezcalW19-20190307-NH-S1-MbD-Moc4-N4,320-4-4,52,12.6,post-flexion
mezcalW19-20190307-NH-S1-MbD-Moc4-N4,320-4-4,53,NA,damaged
mezcalW19-20190307-NH-S1-MbD-Moc4-N4,320-4-4,54,7.53,post-flexion
mezcalW19-20190307-NH-S1-MbD-Moc4-N4,320-4-4,55,9.62,post-flexion
mezcalW19-20190307-NH-S1-MbD-Moc4-N4,320-4-4,56,10.35,post-flexion
mezcalW19-20190307-NH-S1-MbD-Moc4-N4,320-4-4,57,10.23,post-flexion
mezcalW19-20190307-NH-S1-MbD-Moc4-N4,320-4-4,58,11.52,post-flexion
mezcalW19-20190307-NH-S1-MbD-Moc4-N4,320-4-4,59,9.6,post-flexion
mezcalW19-20190307-NH-S1-MbD-Moc4-N4,320-4-4,60,9.14,"post-flexion, damaged"
mezcalW19-20190307-NH-S1-MbD-Moc4-N4,320-4-4,61,5.94,
mezcalW19-20190307-NH-S1-MbD-Moc4-N4,320-4-4,62,7.69,
mezcalW19-20190307-NH-S1-MbD-Moc4-N4,320-4-4,63,6.11,tail slightly damaged
mezcalW19-20190307-NH-S1-MbD-Moc4-N4,320-4-4,64,9.72,post-flexion
mezcalW19-20190307-NH-S1-MbD-Moc4-N4,320-4-4,65,8.09,flexion
mezcalW19-20190307-NH-S1-MbD-Moc4-N4,320-4-4,66,8.11,
mezcalW19-20190307-NH-S1-MbD-Moc4-N4,320-4-4,67,NA,only a tail portion
mezcalW19-20190307-NH-S1-MbD-Moc4-N4,320-4-4,68,8.97,
mezcalW19-20190307-NH-S1-MbD-Moc4-N4,320-4-4,69,5.72,
mezcalW19-20190307-NH-S1-MbD-Moc4-N4,320-4-4,70,7.33,flexion
mezcalW19-20190307-NH-S1-MbD-Moc4-N4,320-4-4,71,6.44,
mezcalW19-20190307-NH-S1-MbD-Moc4-N4,320-4-4,72,8.58,post-flexion
mezcalW19-20190307-NH-S1-MbD-Moc4-N4,320-4-4,73,5.81,
mezcalW19-20190307-NH-S1-MbD-Moc4-N4,320-4-4,74,NA,severe damage
mezcalW19-20190307-NH-S1-MbD-Moc4-N4,320-4-4,75,6.62,
mezcalW19-20190307-NH-S1-MbD-Moc4-N4,320-4-4,76,7.04,
mezcalW19-20190307-NH-S1-MbD-Moc4-N4,320-4-4,77,9.99,post-flexion
mezcalW19-20190307-NH-S1-MbD-Moc4-N4,320-4-4,78,5.88,
mezcalW19-20190307-NH-S1-MbD-Moc4-N4,320-4-4,79,NA,tail section only
mezcalW19-20190307-NH-S1-MbD-Moc4-N4,320-4-4,80,7.59,
mezcalW19-20190307-NH-S1-MbD-Moc4-N4,320-4-4,81,9.39,post-flexion
mezcalW19-20190307-NH-S1-MbD-Moc4-N4,320-4-4,82,6.33,
mezcalW19-20190307-NH-S1-MbD-Moc4-N4,320-4-4,83,5.03,
mezcalW19-20190307-NH-S1-MbD-Moc4-N4,320-4-4,84,6.31,
mezcalW19-20190307-NH-S1-MbD-Moc4-N4,320-4-4,85,9.95,post-flexion
mezcalW19-20190307-NH-S1-MbD-Moc4-N4,320-4-4,86,6.08,
mezcalW19-20190307-NH-S1-MbD-Moc4-N4,320-4-4,87,NA,severe damage
mezcalW19-20190307-NH-S1-MbD-Moc4-N4,320-4-4,88,7.72,post-flexion
mezcalW19-20190307-NH-S1-MbD-Moc4-N4,320-4-4,89,7.42,post-flexion
mezcalW19-20190307-NH-S1-MbD-Moc4-N4,320-4-4,90,7.6,
mezcalW19-20190307-NH-S1-MbD-Moc4-N4,320-4-4,91,7.03,
mezcalW19-20190307-NH-S1-MbD-Moc4-N4,320-4-4,92,5.09,damaged
mezcalW19-20190307-NH-S1-MbD-Moc4-N4,320-4-4,93,7.34,flexion
mezcalW19-20190307-NH-S1-MbD-Moc4-N4,320-4-4,94,7.24,post-flexion
mezcalW19-20190307-NH-S1-MbD-Moc4-N4,320-4-4,95,NA,missing tail section
mezcalW19-20190307-NH-S1-MbD-Moc4-N4,320-4-4,96,10.57,post-flexion
mezcalW19-20190307-NH-S1-MbD-Moc4-N4,320-4-4,97,6.7,damaged
mezcalW19-20190307-NH-S1-MbD-Moc4-N4,320-4-4,98,10.08,post-flexion
mezcalW19-20190307-NH-S1-MbD-Moc4-N4,320-4-4,99,8.61,post-flexion
mezcalW19-20190307-NH-S1-MbD-Moc4-N4,320-4-4,100,9.34,post-flexion
mezcalW19-20190307-NH-S1-MbD-Moc4-N4,320-4-4,101,5.37,
mezcalW19-20190307-NH-S1-MbD-Moc4-N4,320-4-4,102,9.77,post-flexion
mezcalW19-20190307-NH-S1-MbD-Moc4-N4,320-4-4,103,7.95,post-flexion
mezcalW19-20190307-NH-S1-MbD-Moc4-N4,320-4-4,104,9.13,post-flexion
mezcalW19-20190307-NH-S1-MbD-Moc4-N4,320-4-4,105,7.94,flexion
mezcalW19-20190307-NH-S1-MbD-Moc4-N4,320-4-4,106,8.16,post-flexion
mezcalW19-20190307-NH-S1-MbD-Moc4-N4,320-4-4,107,6.12,
mezcalW19-20190307-NH-S1-MbD-Moc4-N4,320-4-4,108,NA,head only
mezcalW19-20190307-NH-S1-MbD-Moc4-N4,320-4-4,109,NA,damaged
mezcalW19-20190307-NH-S1-MbD-Moc4-N4,320-4-4,110,NA,damaged
mezcalW19-20190307-NH-S1-MbD-Moc4-N4,320-4-4,111,NA,damaged
mezcalW19-20190307-NH-S1-MbD-Moc4-N4,320-4-4,112,NA,damaged
mezcalW19-20190307-NH-S1-MbD-Moc4-N4,320-4-4,113,NA,damaged
mezcalW19-20190307-NH-S1-MbD-Moc4-N4,320-4-4,114,NA,damaged
mezcalW19-20190307-NH-S1-MbD-Moc4-N4,320-4-4,115,NA,damaged
mezcalW19-20190307-NH-S1-MbD-Moc4-N4,320-4-4,116,NA,damaged
mezcalW19-20190307-NH-S1-MbD-Moc4-N4,320-4-4,117,NA,damaged
mezcalW19-20190307-NH-S1-MbD-Moc4-N4,320-4-4,118,NA,damaged
mezcalW19-20190307-NH-S1-MbD-Moc4-N4,320-4-4,119,NA,damaged
mezcalW19-20190307-NH-S1-MbD-Moc4-N4,320-4-4,120,NA,damaged
mezcalW19-20190307-NH-S1-MbD-Moc4-N4,320-4-4,121,NA,damaged
,,,,
mezcalW19-20190305-NH-S4-MaD-MOC4-N0,307-4-0,1,9.24,post-flexion
mezcalW19-20190305-NH-S4-MaD-MOC4-N0,307-4-0,2,8.48,post-flexion
,,,,
mezcalW19-20190305-NH-S3-MaD-Moc1-N4*,308-1-4*,1,2.61,
,,,,
mezcalW19-20190305-NH-S2-MaD-Moc1-N0,309-1-0,1,10.37,post-flexion
mezcalW19-20190305-NH-S2-MaD-Moc1-N0,309-1-0,2,8.39,post-flexion
mezcalW19-20190305-NH-S2-MaD-Moc1-N0,309-1-0,3,6.58,
mezcalW19-20190305-NH-S2-MaD-Moc1-N0,309-1-0,4,NA,BUTTER SOLE NOT ENGLISH
,,,,
mezcalW19-20190305-NH-S2-MaD-Moc4-N0,309-4-0,1,13.37,post-flexion
mezcalW19-20190305-NH-S2-MaD-Moc4-N0,309-4-0,2,11.94,post-flexion
mezcalW19-20190305-NH-S2-MaD-Moc4-N0,309-4-0,3,10.11,post-flexion
mezcalW19-20190305-NH-S2-MaD-Moc4-N0,309-4-0,4,10.36,post-flexion
mezcalW19-20190305-NH-S2-MaD-Moc4-N0,309-4-0,5,8.73,post-flexion
mezcalW19-20190305-NH-S2-MaD-Moc4-N0,309-4-0,6,9.96,post-flexion
mezcalW19-20190305-NH-S2-MaD-Moc4-N0,309-4-0,7,9.84,post-flexion
mezcalW19-20190305-NH-S2-MaD-Moc4-N0,309-4-0,8,11.66,post-flexion
mezcalW19-20190305-NH-S2-MaD-Moc4-N0,309-4-0,9,11.23,post-flexion
,,,,
mezcalW19-20190305-NH-S1-MaD-Moc1-N0-001,310-1-0,1,12.06,post-flexion 
mezcalW19-20190305-NH-S1-MaD-Moc1-N0-001,310-1-0,2,5.17,
,,,,
mezcalW19-20190305-NH-S1-MaD-Moc4-N0,310-4-0,1,9.48,post-flexion
mezcalW19-20190305-NH-S1-MaD-Moc4-N0,310-4-0,2,8.54,post-flexion
mezcalW19-20190305-NH-S1-MaD-Moc4-N0,310-4-0,3,13.1,post-flexion
mezcalW19-20190305-NH-S1-MaD-Moc4-N0,310-4-0,4,8.96,post-flexion
mezcalW19-20190305-NH-S1-MaD-Moc4-N0,310-4-0,5,7.36,
mezcalW19-20190305-NH-S1-MaD-Moc4-N0,310-4-0,6,8.77,post-flexion
mezcalW19-20190305-NH-S1-MaD-Moc4-N0,310-4-0,7,8.2,
mezcalW19-20190305-NH-S1-MaD-Moc4-N0,310-4-0,8,6.74,
mezcalW19-20190305-NH-S1-MaD-Moc4-N0,310-4-0,9,8.2,post-flexion
mezcalW19-20190305-NH-S1-MaD-Moc4-N0,310-4-0,10,6.78,
mezcalW19-20190305-NH-S1-MaD-Moc4-N0,310-4-0,11,9.87,post-flexion
mezcalW19-20190305-NH-S1-MaD-Moc4-N0,310-4-0,12,9.22,
mezcalW19-20190305-NH-S1-MaD-Moc4-N0,310-4-0,13,11.01,post-flexion
mezcalW19-20190305-NH-S1-MaD-Moc4-N0,310-4-0,14,7.76,"post-flexion, damaged"
mezcalW19-20190305-NH-S1-MaD-Moc4-N0,310-4-0,15,7.94,flexion
,,,,
mezcalW19-20190307-NH-S4-MbD-Moc1-N0,317-1-0,1,4.2,
mezcalW19-20190307-NH-S4-MbD-Moc1-N0,317-1-0,2,5.1,
mezcalW19-20190307-NH-S4-MbD-Moc1-N0,317-1-0,3,11.94,post-flexion
,,,,
mezcalW19-20190307-NH-S4-MbD-Moc1-N4*,317-1-4*,1,4.89,
mezcalW19-20190307-NH-S4-MbD-Moc1-N4*,317-1-4*,2,4.26,
mezcalW19-20190307-NH-S4-MbD-Moc1-N4*,317-1-4*,3,3.46,
mezcalW19-20190307-NH-S4-MbD-Moc1-N4*,317-1-4*,4,5.8,
,,,,
mezcalW19-20190307-NH-S4-MbD-Moc4-N0,317-4-0,1,3.07,
,,,,
mezcalW19-20190307-NH-S3-MbD-Moc1-N0,318-1-0,1,8.35,post-flexion
mezcalW19-20190307-NH-S3-MbD-Moc1-N0,318-1-0,2,7.8,post-flexion
mezcalW19-20190307-NH-S3-MbD-Moc1-N0,318-1-0,3,6.71,
mezcalW19-20190307-NH-S3-MbD-Moc1-N0,318-1-0,4,7.58,post-flexion
,,,,
mezcalW19-20190307-NH-S3-MbD-Moc4-N0,318-4-0,1,10.11,post-flexion
mezcalW19-20190307-NH-S3-MbD-Moc4-N0,318-4-0,2,8.12,damaged
mezcalW19-20190307-NH-S3-MbD-Moc4-N0,318-4-0,3,10.63,post-flexion
mezcalW19-20190307-NH-S3-MbD-Moc4-N0,318-4-0,4,10.37,post-flexion
mezcalW19-20190307-NH-S3-MbD-Moc4-N0,318-4-0,5,7.97,post-flexion
mezcalW19-20190307-NH-S3-MbD-Moc4-N0,318-4-0,6,NA,damaged
mezcalW19-20190307-NH-S3-MbD-Moc4-N0,318-4-0,7,6.6,
mezcalW19-20190307-NH-S3-MbD-Moc4-N0,318-4-0,8,9.98,post-flexion
mezcalW19-20190307-NH-S3-MbD-Moc4-N0,318-4-0,9,10.22,post-flexion
mezcalW19-20190307-NH-S3-MbD-Moc4-N0,318-4-0,10,9.99,post-flexion
mezcalW19-20190307-NH-S3-MbD-Moc4-N0,318-4-0,11,NA,not english sole 
mezcalW19-20190307-NH-S3-MbD-Moc4-N0,318-4-0,12,9.69,post-flexion
mezcalW19-20190307-NH-S3-MbD-Moc4-N0,318-4-0,13,8.88,post-flexion
,,,,
mezcalW19-20190307-NH-S2-MbD-Moc1-N4*,319-1-4*,1,4.11,
mezcalW19-20190307-NH-S2-MbD-Moc1-N4*,319-1-4*,2,5.31,
mezcalW19-20190307-NH-S2-MbD-Moc1-N4*,319-1-4*,3,3.86,
mezcalW19-20190307-NH-S2-MbD-Moc1-N4*,319-1-4*,4,3.6,
mezcalW19-20190307-NH-S2-MbD-Moc1-N4*,319-1-4*,5,5.85,
mezcalW19-20190307-NH-S2-MbD-Moc1-N4*,319-1-4*,6,5.14,
mezcalW19-20190307-NH-S2-MbD-Moc1-N4*,319-1-4*,7,5.44,
mezcalW19-20190307-NH-S2-MbD-Moc1-N4*,319-1-4*,8,4.46,
,,,,
mezcalW19-20190307-NH-S2-MbD-Moc4-N0,319-4-0,1,12.35,post-flexion
mezcalW19-20190307-NH-S2-MbD-Moc4-N0,319-4-0,2,12.07,post-flexion
mezcalW19-20190307-NH-S2-MbD-Moc4-N0,319-4-0,3,9.49,
mezcalW19-20190307-NH-S2-MbD-Moc4-N0,319-4-0,4,9.05,post-flexion
mezcalW19-20190307-NH-S2-MbD-Moc4-N0,319-4-0,5,11.92,post-flexion
mezcalW19-20190307-NH-S2-MbD-Moc4-N0,319-4-0,6,9.92,post-flexion
mezcalW19-20190307-NH-S2-MbD-Moc4-N0,319-4-0,7,8.32,post-flexion
mezcalW19-20190307-NH-S2-MbD-Moc4-N0,319-4-0,8,9.27,post-flexion
mezcalW19-20190307-NH-S2-MbD-Moc4-N0,319-4-0,9,11.01,post-flexion
mezcalW19-20190307-NH-S2-MbD-Moc4-N0,319-4-0,10,11.01,post-flexion
mezcalW19-20190307-NH-S2-MbD-Moc4-N0,319-4-0,11,8.45,post-flexion
mezcalW19-20190307-NH-S2-MbD-Moc4-N0,319-4-0,12,8.98,post-flexion
mezcalW19-20190307-NH-S2-MbD-Moc4-N0,319-4-0,13,9.19,post-flexion
mezcalW19-20190307-NH-S2-MbD-Moc4-N0,319-4-0,14,9.94,post-flexion
mezcalW19-20190307-NH-S2-MbD-Moc4-N0,319-4-0,15,9.57,post-flexion
mezcalW19-20190307-NH-S2-MbD-Moc4-N0,319-4-0,16,10.61,post-flexion
mezcalW19-20190307-NH-S2-MbD-Moc4-N0,319-4-0,17,8.22,flexion
mezcalW19-20190307-NH-S2-MbD-Moc4-N0,319-4-0,18,8.57,post-flexion
mezcalW19-20190307-NH-S2-MbD-Moc4-N0,319-4-0,19,13.66,post-flexion
mezcalW19-20190307-NH-S2-MbD-Moc4-N0,319-4-0,20,10.69,post-flexion
mezcalW19-20190307-NH-S2-MbD-Moc4-N0,319-4-0,21,9.59,post-flexion
mezcalW19-20190307-NH-S2-MbD-Moc4-N0,319-4-0,22,9.42,post-flexion
mezcalW19-20190307-NH-S2-MbD-Moc4-N0,319-4-0,23,8.17,flexion
mezcalW19-20190307-NH-S2-MbD-Moc4-N0,319-4-0,24,8.69,post-flexion
mezcalW19-20190307-NH-S2-MbD-Moc4-N0,319-4-0,25,10.17,"post-flexion, damaged"
mezcalW19-20190307-NH-S2-MbD-Moc4-N0,319-4-0,26,10.97,post-flexion
mezcalW19-20190307-NH-S2-MbD-Moc4-N0,319-4-0,27,10.35,
mezcalW19-20190307-NH-S2-MbD-Moc4-N0,319-4-0,28,9.5,post-flexion
mezcalW19-20190307-NH-S2-MbD-Moc4-N0,319-4-0,29,9.85,post-flexion
mezcalW19-20190307-NH-S2-MbD-Moc4-N0,319-4-0,30,7.96,post-flexion
mezcalW19-20190307-NH-S2-MbD-Moc4-N0,319-4-0,31,7.89,post-flexion
mezcalW19-20190307-NH-S2-MbD-Moc4-N0,319-4-0,32,8.78,post-flexion
mezcalW19-20190307-NH-S2-MbD-Moc4-N0,319-4-0,33,11.04,post-flexion
mezcalW19-20190307-NH-S2-MbD-Moc4-N0,319-4-0,34,8.26,post-flexion
mezcalW19-20190307-NH-S2-MbD-Moc4-N0,319-4-0,35,8.9,post-flexion
mezcalW19-20190307-NH-S2-MbD-Moc4-N0,319-4-0,36,8.69,post-flexion
mezcalW19-20190307-NH-S2-MbD-Moc4-N0,319-4-0,37,NA,damaged
mezcalW19-20190307-NH-S2-MbD-Moc4-N0,319-4-0,38,9.26,"post-flexion, damaged"
mezcalW19-20190307-NH-S2-MbD-Moc4-N0,319-4-0,39,8.97,post-flexion
mezcalW19-20190307-NH-S2-MbD-Moc4-N0,319-4-0,40,11.09,post-flexion
mezcalW19-20190307-NH-S2-MbD-Moc4-N0,319-4-0,41,10.21,post-flexion
mezcalW19-20190307-NH-S2-MbD-Moc4-N0,319-4-0,42,8.71,post-flexion
mezcalW19-20190307-NH-S2-MbD-Moc4-N0,319-4-0,43,8.34,post-flexion
mezcalW19-20190307-NH-S2-MbD-Moc4-N0,319-4-0,44,9.49,
mezcalW19-20190307-NH-S2-MbD-Moc4-N0,319-4-0,45,9.05,post-flexion
mezcalW19-20190307-NH-S2-MbD-Moc4-N0,319-4-0,46,9.09,flexion
mezcalW19-20190307-NH-S2-MbD-Moc4-N0,319-4-0,47,10.19,post-flexion
mezcalW19-20190307-NH-S2-MbD-Moc4-N0,319-4-0,48,9.75,post-flexion
mezcalW19-20190307-NH-S2-MbD-Moc4-N0,319-4-0,49,9.61,flexion
mezcalW19-20190307-NH-S2-MbD-Moc4-N0,319-4-0,50,8.95,post-flexion
mezcalW19-20190307-NH-S2-MbD-Moc4-N0,319-4-0,51,9.65,flexion
mezcalW19-20190307-NH-S2-MbD-Moc4-N0,319-4-0,52,9.68,post-flexion
mezcalW19-20190307-NH-S2-MbD-Moc4-N0,319-4-0,53,9.73,flexion
mezcalW19-20190307-NH-S2-MbD-Moc4-N0,319-4-0,54,9.25,flexion
mezcalW19-20190307-NH-S2-MbD-Moc4-N0,319-4-0,55,12.28,post-flexion
mezcalW19-20190307-NH-S2-MbD-Moc4-N0,319-4-0,56,10.64,flexion
mezcalW19-20190307-NH-S2-MbD-Moc4-N0,319-4-0,57,8.82,post-flexion
mezcalW19-20190307-NH-S2-MbD-Moc4-N0,319-4-0,58,9.9,post-flexion
mezcalW19-20190307-NH-S2-MbD-Moc4-N0,319-4-0,59,8.81,post-flexion
mezcalW19-20190307-NH-S2-MbD-Moc4-N0,319-4-0,60,10.25,post-flexion
mezcalW19-20190307-NH-S2-MbD-Moc4-N0,319-4-0,61,10.11,post-flexion
mezcalW19-20190307-NH-S2-MbD-Moc4-N0,319-4-0,62,9.5,post-flexion
mezcalW19-20190307-NH-S2-MbD-Moc4-N0,319-4-0,63,9.83,post-flexion
mezcalW19-20190307-NH-S2-MbD-Moc4-N0,319-4-0,64,9.75,post-flexion
mezcalW19-20190307-NH-S2-MbD-Moc4-N0,319-4-0,65,9.91,post-flexion
mezcalW19-20190307-NH-S2-MbD-Moc4-N0,319-4-0,66,9.4,post-flexion
mezcalW19-20190307-NH-S2-MbD-Moc4-N0,319-4-0,67,9.91,post-flexion
mezcalW19-20190307-NH-S2-MbD-Moc4-N0,319-4-0,68,6.7,
mezcalW19-20190307-NH-S2-MbD-Moc4-N0,319-4-0,69,9.25,post-flexion
mezcalW19-20190307-NH-S2-MbD-Moc4-N0,319-4-0,70,11.32,post-flexion
mezcalW19-20190307-NH-S2-MbD-Moc4-N0,319-4-0,71,8.51,
mezcalW19-20190307-NH-S2-MbD-Moc4-N0,319-4-0,72,9.19,post-flexion
,,,,
mezcalW19-20190307-NH-S2-MbD-Moc1-N0,319-1-0,1,14.7,post-flexion
mezcalW19-20190307-NH-S2-MbD-Moc1-N0,319-1-0,2,14.12,post-flexion
mezcalW19-20190307-NH-S2-MbD-Moc1-N0,319-1-0,3,14.79,post-flexion
mezcalW19-20190307-NH-S2-MbD-Moc1-N0,319-1-0,4,9.57,post-flexion
mezcalW19-20190307-NH-S2-MbD-Moc1-N0,319-1-0,5,10.47,post-flexion
mezcalW19-20190307-NH-S2-MbD-Moc1-N0,319-1-0,6,6.85,
mezcalW19-20190307-NH-S2-MbD-Moc1-N0,319-1-0,7,9.63,post-flexion
mezcalW19-20190307-NH-S2-MbD-Moc1-N0,319-1-0,8,NA,severe damage
mezcalW19-20190307-NH-S2-MbD-Moc1-N0,319-1-0,9,7.8,flexion
mezcalW19-20190307-NH-S2-MbD-Moc1-N0,319-1-0,10,8.15,post-flexion
mezcalW19-20190307-NH-S2-MbD-Moc1-N0,319-1-0,11,6.33,
mezcalW19-20190307-NH-S2-MbD-Moc1-N0,319-1-0,12,7.9,post-flexion
mezcalW19-20190307-NH-S2-MbD-Moc1-N0,319-1-0,13,9.66,post-flexion
mezcalW19-20190307-NH-S2-MbD-Moc1-N0,319-1-0,14,8.59,post-flexion
mezcalW19-20190307-NH-S2-MbD-Moc1-N0,319-1-0,15,8.77,
mezcalW19-20190307-NH-S2-MbD-Moc1-N0,319-1-0,16,9.06,post-flexion
mezcalW19-20190307-NH-S2-MbD-Moc1-N0,319-1-0,17,3.99,
mezcalW19-20190307-NH-S2-MbD-Moc1-N0,319-1-0,18,5.28,
mezcalW19-20190307-NH-S2-MbD-Moc1-N0,319-1-0,19,8.44,
mezcalW19-20190307-NH-S2-MbD-Moc1-N0,319-1-0,20,10.72,post-flexion
mezcalW19-20190307-NH-S2-MbD-Moc1-N0,319-1-0,21,5.85,
mezcalW19-20190307-NH-S2-MbD-Moc1-N0,319-1-0,22,3.99,
mezcalW19-20190307-NH-S2-MbD-Moc1-N0,319-1-0,23,NA,missing tail
mezcalW19-20190307-NH-S2-MbD-Moc1-N0,319-1-0,24,6.22,
mezcalW19-20190307-NH-S2-MbD-Moc1-N0,319-1-0,25,7.28,flexion
mezcalW19-20190307-NH-S2-MbD-Moc1-N0,319-1-0,26,7.73,
mezcalW19-20190307-NH-S2-MbD-Moc1-N0,319-1-0,27,8.87,post-flexion
mezcalW19-20190307-NH-S2-MbD-Moc1-N0,319-1-0,28,7.45,
mezcalW19-20190307-NH-S2-MbD-Moc1-N0,319-1-0,29,6.75,flexion
mezcalW19-20190307-NH-S2-MbD-Moc1-N0,319-1-0,30,9.69,
mezcalW19-20190307-NH-S2-MbD-Moc1-N0,319-1-0,31,8.26,post-flexion
mezcalW19-20190307-NH-S2-MbD-Moc1-N0,319-1-0,32,7.2,
mezcalW19-20190307-NH-S2-MbD-Moc1-N0,319-1-0,33,6.79,flexion
mezcalW19-20190307-NH-S2-MbD-Moc1-N0,319-1-0,34,9.24,post-flexion
mezcalW19-20190307-NH-S2-MbD-Moc1-N0,319-1-0,35,7.65,
mezcalW19-20190307-NH-S2-MbD-Moc1-N0,319-1-0,36,6.47,
mezcalW19-20190307-NH-S2-MbD-Moc1-N0,319-1-0,37,NA,severe damage
mezcalW19-20190307-NH-S2-MbD-Moc1-N0,319-1-0,38,8.36,post-flexion
mezcalW19-20190307-NH-S2-MbD-Moc1-N0,319-1-0,39,7.87,
mezcalW19-20190307-NH-S2-MbD-Moc1-N0,319-1-0,40,NA,severe damage
mezcalW19-20190307-NH-S2-MbD-Moc1-N0,319-1-0,41,7.06,
mezcalW19-20190307-NH-S2-MbD-Moc1-N0,319-1-0,42,7.18,
mezcalW19-20190307-NH-S2-MbD-Moc1-N0,319-1-0,43,NA,severe damage
mezcalW19-20190307-NH-S2-MbD-Moc1-N0,319-1-0,44,8.54,post-flexion
mezcalW19-20190307-NH-S2-MbD-Moc1-N0,319-1-0,45,4.99,
mezcalW19-20190307-NH-S2-MbD-Moc1-N0,319-1-0,46,8.83,post-flexion
mezcalW19-20190307-NH-S2-MbD-Moc1-N0,319-1-0,47,9.96,post-flexion
mezcalW19-20190307-NH-S2-MbD-Moc1-N0,319-1-0,48,3.77,
mezcalW19-20190307-NH-S2-MbD-Moc1-N0,319-1-0,49,7.76,post-flexion
mezcalW19-20190307-NH-S2-MbD-Moc1-N0,319-1-0,50,10.87,post-flexion
mezcalW19-20190307-NH-S2-MbD-Moc1-N0,319-1-0,51,7.63,flexion
mezcalW19-20190307-NH-S2-MbD-Moc1-N0,319-1-0,52,4.24,
mezcalW19-20190307-NH-S2-MbD-Moc1-N0,319-1-0,53,7.11,
mezcalW19-20190307-NH-S2-MbD-Moc1-N0,319-1-0,54,7.95,
mezcalW19-20190307-NH-S2-MbD-Moc1-N0,319-1-0,55,7.78,post-flexion
mezcalW19-20190307-NH-S2-MbD-Moc1-N0,319-1-0,56,8,
mezcalW19-20190307-NH-S2-MbD-Moc1-N0,319-1-0,57,8.85,post-flexion
mezcalW19-20190307-NH-S2-MbD-Moc1-N0,319-1-0,58,8.34,post-flexion
mezcalW19-20190307-NH-S2-MbD-Moc1-N0,319-1-0,59,6.48,
,,,,
mezcalW19-20190307-NH-S1-MbD-Moc1-N0,320-1-0,1,4.96,
mezcalW19-20190307-NH-S1-MbD-Moc1-N0,320-1-0,2,4.27,
mezcalW19-20190307-NH-S1-MbD-Moc1-N0,320-1-0,3,2.93,
mezcalW19-20190307-NH-S1-MbD-Moc1-N0,320-1-0,4,8.25,post-flexion
mezcalW19-20190307-NH-S1-MbD-Moc1-N0,320-1-0,5,9.19,post-flexion
mezcalW19-20190307-NH-S1-MbD-Moc1-N0,320-1-0,6,6.85,
mezcalW19-20190307-NH-S1-MbD-Moc1-N0,320-1-0,7,8.02,
mezcalW19-20190307-NH-S1-MbD-Moc1-N0,320-1-0,8,13.13,post-flexion
mezcalW19-20190307-NH-S1-MbD-Moc1-N0,320-1-0,9,6.89,
mezcalW19-20190307-NH-S1-MbD-Moc1-N0,320-1-0,10,NA ,severe damage
,,,,
mezcalW19-20190307-NH-S1-MbD-Moc1-N4*,320-1-4*,1,9.61,post-flexion
mezcalW19-20190307-NH-S1-MbD-Moc1-N4*,320-1-4*,2,4.95,
mezcalW19-20190307-NH-S1-MbD-Moc1-N4*,320-1-4*,3,5.95,
mezcalW19-20190307-NH-S1-MbD-Moc1-N4*,320-1-4*,4,4.71,
mezcalW19-20190307-NH-S1-MbD-Moc1-N4*,320-1-4*,5,5.67,
mezcalW19-20190307-NH-S1-MbD-Moc1-N4*,320-1-4*,6,5.96,
mezcalW19-20190307-NH-S1-MbD-Moc1-N4*,320-1-4*,7,6.69,
mezcalW19-20190307-NH-S1-MbD-Moc1-N4*,320-1-4*,8,5.98,
mezcalW19-20190307-NH-S1-MbD-Moc1-N4*,320-1-4*,9,7.16,
mezcalW19-20190307-NH-S1-MbD-Moc1-N4*,320-1-4*,10,5.17,
mezcalW19-20190307-NH-S1-MbD-Moc1-N4*,320-1-4*,11,8.16,post-flexion
mezcalW19-20190307-NH-S1-MbD-Moc1-N4*,320-1-4*,12,6.37,
mezcalW19-20190307-NH-S1-MbD-Moc1-N4*,320-1-4*,13,7.43,
mezcalW19-20190307-NH-S1-MbD-Moc1-N4*,320-1-4*,14,9.69,post-flexion
mezcalW19-20190307-NH-S1-MbD-Moc1-N4*,320-1-4*,15,6.46,
mezcalW19-20190307-NH-S1-MbD-Moc1-N4*,320-1-4*,16,3.9,
mezcalW19-20190307-NH-S1-MbD-Moc1-N4*,320-1-4*,17,2.89,
,,,,
mezcalW19-20190307-NH-S1-MbD-Moc4-N0,320-4-0,1,12.12,post-flexion
mezcalW19-20190307-NH-S1-MbD-Moc4-N0,320-4-0,2,9.23,
mezcalW19-20190307-NH-S1-MbD-Moc4-N0,320-4-0,3,8.51,post-flexion
mezcalW19-20190307-NH-S1-MbD-Moc4-N0,320-4-0,4,NA,severe damage
mezcalW19-20190307-NH-S1-MbD-Moc4-N0,320-4-0,5,9.09,